geolocation_zip_code_prefix,geolocation_lat,geolocation_lng,geolocation_city,geolocation_state
46841,-22.61814071250763,-47.49571019415558,sao bernardo do campo,SP
29933,-22.449351689621153,-47.17440492002247,guarulhos,SP
18161,-22.53221164688471,-48.50568987115565,guarulhos,SP
87012,-23.56632513975697,-45.30179455945724,sao bernardo do campo,SP
80942,-22.25931965988763,-45.71827763411535,campinas,SP
23514,-24.02258124012907,-48.040208802795874,santo andre,SP
40906,-23.832796481107223,-48.30162842944431,guarulhos,SP
64655,-23.105644343049352,-47.24490423455369,sao bernardo do campo,SP
52844,-23.248294945848176,-44.618199181401884,sao bernardo do campo,SP
45456,-22.8346067067435,-45.501865556649825,guarulhos,SP
31213,-22.819422648784297,-48.471387681678884,guarulhos,SP
75795,-24.47448847919077,-44.992990883342614,sao bernardo do campo,SP
64241,-22.428518139486428,-45.544995600326736,sao paulo,SP
50310,-24.64369130006424,-47.43543233709398,guarulhos,SP
77269,-24.52584500587637,-45.97691102641861,sao bernardo do campo,SP
14574,-24.30587101857322,-46.05110319376224,santo andre,SP
65476,-22.60256859264329,-46.66248196756965,santo andre,SP
72933,-22.917258573789177,-44.69996898784259,sao paulo,SP
41490,-23.365548131619594,-46.64168172458171,guarulhos,SP
97007,-24.35368033857681,-47.64511050426339,santo andre,SP
69437,-22.252674536698315,-46.34685733897301,santo andre,SP
65903,-25.053282819592333,-46.01099448719349,sao bernardo do campo,SP
30089,-22.49929248637734,-47.76577044427492,guarulhos,SP
13001,-24.37978151488973,-48.06828638680613,campinas,SP
93388,-22.16143276489411,-45.964173127925804,campinas,SP
55591,-25.22114781927769,-48.122447814914054,sao bernardo do campo,SP
87746,-24.25256117407788,-47.48453773918203,guarulhos,SP
34434,-23.09312925387195,-47.67747544928916,sao bernardo do campo,SP
74449,-22.42648974341452,-46.96234553574877,sao bernardo do campo,SP
51327,-21.888770406400344,-44.707738881080786,sao paulo,SP
46175,-22.456521479029444,-47.78982463311609,sao paulo,SP
17546,-22.926302592784573,-46.85628772039985,sao bernardo do campo,SP
32414,-23.85232207358841,-45.08388241455068,guarulhos,SP
96890,-23.86123211535928,-45.723559479460725,sao paulo,SP
69216,-24.027836182882417,-48.172959302149906,santo andre,SP
32492,-23.43223393477005,-47.269656710011034,guarulhos,SP
69741,-24.035300951745654,-47.3150552382805,sao paulo,SP
45949,-24.660835172101585,-47.209991766023,campinas,SP
65905,-25.261468317285928,-47.822789116134764,campinas,SP
51348,-24.937962793659356,-45.22496395643971,campinas,SP
35878,-22.88991734238968,-47.077709994229735,guarulhos,SP
39005,-22.654312301941598,-46.08065492608213,guarulhos,SP
59254,-24.803097575540264,-47.765924046792136,campinas,SP
26284,-22.776253317471674,-46.2363550154415,sao paulo,SP
22530,-23.94080187681397,-46.877767461780714,santo andre,SP
85280,-24.01248936523561,-45.92859792089532,guarulhos,SP
85296,-23.53415647697176,-45.45076634347979,sao paulo,SP
94999,-25.433881527128136,-44.71719826692905,campinas,SP
56211,-25.005131642137908,-45.03822500108715,guarulhos,SP
59534,-24.57452526292666,-47.18345005106782,guarulhos,SP
86758,-23.91832326693479,-43.84200012135941,nova iguacu,RJ
57982,-21.782783163933694,-44.89461179510455,niteroi,RJ
20587,-24.87382707231102,-41.558287671767516,sao goncalo,RJ
47599,-23.423773983485088,-44.36051366517406,sao goncalo,RJ
64237,-24.399422465885312,-42.11407585533908,nova iguacu,RJ
20087,-22.228755586120403,-41.445364106137795,sao goncalo,RJ
93616,-21.798486264461037,-43.46338418194266,rio de janeiro,RJ
26562,-24.602613260420092,-42.63884122922269,rio de janeiro,RJ
84350,-23.30675635741515,-43.52821611122003,niteroi,RJ
30116,-24.039174022337676,-45.1212474906465,nova iguacu,RJ
85802,-22.615886256210388,-45.01877979698957,sao goncalo,RJ
84242,-23.07753348893384,-41.64236919738446,duque de caxias,RJ
69070,-23.834860364800136,-42.456691292212874,rio de janeiro,RJ
91288,-23.242437085089254,-44.294895545352375,rio de janeiro,RJ
63358,-22.87749192022692,-44.91435715116202,niteroi,RJ
30825,-21.85430012240153,-41.79940727388356,sao goncalo,RJ
91374,-23.487647478407315,-43.80387185630436,duque de caxias,RJ
91966,-23.67601058492688,-42.685841316787176,duque de caxias,RJ
14352,-24.36739878688251,-42.492418106196276,duque de caxias,RJ
55776,-23.934491853005813,-44.67216708460672,niteroi,RJ
18505,-21.304664559497034,-44.03714889521011,sao goncalo,RJ
59446,-24.114989913535094,-44.067795143841096,nova iguacu,RJ
48480,-21.371659356742914,-42.923417504835285,duque de caxias,RJ
55944,-22.818140190861627,-41.373270332025896,duque de caxias,RJ
59750,-22.882384966432884,-42.703391251349515,nova iguacu,RJ
84368,-21.384901207506058,-42.10885700778698,nova iguacu,RJ
69931,-21.13526890772085,-42.54189948687389,nova iguacu,RJ
53578,-21.25202429614324,-43.094934859680976,nova iguacu,RJ
20031,-21.621975093269658,-42.88987260063836,duque de caxias,RJ
26217,-24.048525024754195,-41.98963195380376,niteroi,RJ
82356,-23.41432671416559,-43.77796493301086,rio de janeiro,RJ
14658,-22.197216763489646,-44.05649093164037,sao goncalo,RJ
61760,-21.88630077072465,-42.65942882496687,niteroi,RJ
47984,-24.416250238165247,-44.07371400249525,duque de caxias,RJ
15874,-22.49133256409914,-43.44991832981781,duque de caxias,RJ
35269,-21.48090659841365,-44.483275027708366,rio de janeiro,RJ
35173,-23.479711559117113,-41.270007778850555,sao goncalo,RJ
61569,-22.359418433455378,-44.70640614102972,nova iguacu,RJ
20290,-24.681549403908843,-41.20993365450989,rio de janeiro,RJ
49244,-21.86150444532876,-42.97314408971376,niteroi,RJ
33331,-22.759122434113294,-42.42068262769687,sao goncalo,RJ
25493,-24.518618705612962,-41.24536260634513,niteroi,RJ
65676,-22.01692749748614,-44.10745019320649,duque de caxias,RJ
35490,-22.417268412051705,-42.117687940217465,nova iguacu,RJ
80218,-22.544637867084774,-41.88780192592624,nova iguacu,RJ
40031,-23.14072050377664,-43.690728543929566,sao goncalo,RJ
21533,-22.830596295137415,-42.36322649420327,rio de janeiro,RJ
23244,-24.761822756039262,-45.084737339091646,nova iguacu,RJ
94562,-22.86316834482472,-42.39775499351572,sao goncalo,RJ
49883,-21.274061748746835,-43.3673856438994,sao goncalo,RJ
88741,-20.313216067068982,-45.82842974114304,betim,MG
54320,-19.791316579016673,-43.323740072417074,juiz de fora,MG
20104,-18.760978647099698,-43.20159837958012,belo horizonte,MG
54961,-18.853783861030777,-42.17344327029822,uberlandia,MG
28672,-18.870409822385277,-45.08825292074824,contagem,MG
77985,-18.643129978493107,-42.13342672547546,betim,MG
44305,-20.003531575102965,-42.53592903629595,belo horizonte,MG
74034,-19.620829289224062,-42.20496887497422,betim,MG
96861,-19.340038273800467,-45.08552543386845,contagem,MG
58497,-19.637169758375123,-43.16799797127614,juiz de fora,MG
76307,-20.928601549689393,-42.829176561852535,juiz de fora,MG
80525,-18.79361275212638,-45.27038774777683,contagem,MG
11162,-21.557036631678134,-42.67262916989733,contagem,MG
33756,-20.791510710978237,-44.74954073805816,contagem,MG
24783,-19.780740953568557,-45.601495376666456,juiz de fora,MG
81324,-19.180574048311026,-42.223140061670954,uberlandia,MG
82857,-18.52699996556505,-45.69793185247569,juiz de fora,MG
30903,-21.528294536941672,-43.49569027371191,uberlandia,MG
53517,-19.60661507734343,-45.41191652020568,juiz de fora,MG
19251,-17.90809728044061,-45.138534725251624,juiz de fora,MG
37017,-18.996203033997144,-43.30954182169849,betim,MG
77123,-20.812423057418066,-45.27699975489578,uberlandia,MG
30348,-21.46369525168519,-41.95281057062506,belo horizonte,MG
69316,-19.772425924815693,-44.846489655867,uberlandia,MG
12451,-19.221481871509628,-44.08016511082928,belo horizonte,MG
48047,-21.662709110436715,-44.440113266442594,betim,MG
67661,-18.025235467153813,-43.28487215419812,juiz de fora,MG
79087,-18.867221994149357,-43.66354966252859,juiz de fora,MG
51519,-18.722134608194587,-44.99249364529452,juiz de fora,MG
99656,-18.47938668156946,-42.373011897308466,juiz de fora,MG
14359,-20.673416348634767,-44.11055181134154,betim,MG
10933,-19.43822798532161,-43.797077971126846,juiz de fora,MG
82333,-17.928199742187598,-41.9144862364909,uberlandia,MG
11466,-19.266872856458654,-41.91155409447367,betim,MG
67603,-20.908099913025524,-44.710522140028154,juiz de fora,MG
60495,-20.874931315829112,-44.72656805596533,betim,MG
11232,-19.339135645122234,-45.09140096771829,contagem,MG
56728,-19.031637202408703,-42.178950326792084,juiz de fora,MG
38277,-21.16215122781398,-42.2052087499887,contagem,MG
69271,-20.80394725097989,-42.609661122533076,uberlandia,MG
15145,-18.214327268254376,-45.06329252241618,belo horizonte,MG
88875,-20.89727531349288,-44.256223003125434,betim,MG
90191,-20.506998173704226,-45.70957638700144,betim,MG
77529,-21.75214956956331,-45.12885478071981,contagem,MG
52805,-20.71729791251046,-43.41670798325602,juiz de fora,MG
47750,-17.94749729759451,-42.03496745349951,contagem,MG
66098,-19.246614466070127,-42.599580484983655,juiz de fora,MG
10811,-21.568771440100285,-44.404489905168504,betim,MG
40610,-18.198568565016707,-43.110478627251666,belo horizonte,MG
63643,-17.932289806686022,-42.30099761913996,belo horizonte,MG
16407,-28.325153048452794,-49.82297560878218,porto alegre,RS
41074,-30.520859631312295,-53.07677415195779,canoas,RS
99264,-29.549521204150537,-52.891060018901435,porto alegre,RS
41570,-30.456558227402603,-51.17166862880158,caxias do sul,RS
60284,-31.408604816348344,-52.31507109907106,porto alegre,RS
21543,-30.398921119786895,-50.53583834910484,canoas,RS
42651,-29.931508670494495,-52.552346744294695,pelotas,RS
91932,-31.16861623435852,-51.71801588060162,pelotas,RS
29037,-28.86976121201851,-51.991535227000064,pelotas,RS
92860,-29.80708064780159,-52.98968568788519,canoas,RS
34740,-30.10047620608284,-52.2189278754027,porto alegre,RS
70509,-28.063486795178804,-51.45429305368129,caxias do sul,RS
93092,-28.61378027700291,-51.99455719822782,porto alegre,RS
25816,-31.56489197772771,-50.32905257902977,caxias do sul,RS
15118,-30.633005245978122,-53.123740650631994,caxias do sul,RS
87354,-29.483191320376594,-50.67814326951043,caxias do sul,RS
57399,-29.1260581498625,-53.13395542519395,pelotas,RS
64012,-29.991837682207873,-52.565240980156844,pelotas,RS
85011,-31.516699620735693,-51.14569231376717,santa maria,RS
54674,-31.111234110704295,-50.70515543869776,caxias do sul,RS
38545,-29.003814117196967,-51.27972256083907,porto alegre,RS
63206,-30.965703302492013,-50.52695295014017,pelotas,RS
19846,-31.102184568950168,-51.33126411658338,porto alegre,RS
14972,-28.938089761090467,-52.79331398473008,santa maria,RS
52238,-31.000993826202883,-50.59854566666392,pelotas,RS
76378,-28.38144211835956,-52.003805807346296,caxias do sul,RS
12977,-31.320758083822394,-50.70538492118105,santa maria,RS
44312,-31.287988972438434,-52.94356663354451,caxias do sul,RS
43581,-29.27044662869866,-51.1084681228004,pelotas,RS
12570,-30.8220009805019,-49.993585627325444,canoas,RS
57175,-28.826791019658828,-49.25888126111893,santa maria,RS
42781,-30.77594732519139,-49.4000769726685,canoas,RS
12968,-31.83193874961597,-51.00157604387844,caxias do sul,RS
97248,-28.86807273380378,-52.201373076541586,caxias do sul,RS
25484,-31.914046315529372,-49.28019322879039,caxias do sul,RS
57432,-28.115740155886588,-51.20283864922207,santa maria,RS
21386,-30.06076017050065,-50.22169308878634,pelotas,RS
29111,-28.47353333510298,-49.249487860750236,pelotas,RS
86634,-28.45582489886309,-52.3535889453742,caxias do sul,RS
36316,-30.460621708890876,-49.66617447441437,santa maria,RS
54582,-31.444700772701818,-52.38209371438514,pelotas,RS
90780,-29.58114942243688,-51.5778414883202,caxias do sul,RS
81951,-28.624059181405826,-50.59550397617698,pelotas,RS
79295,-28.740137982910642,-50.8561586345479,pelotas,RS
71462,-29.48844877069593,-52.53772297659717,caxias do sul,RS
93914,-28.858333837402355,-49.265217883433834,pelotas,RS
32852,-29.10943134478842,-51.647039675025646,caxias do sul,RS
45430,-29.918210175860747,-51.10719342453369,caxias do sul,RS
26130,-31.67982414361574,-50.576754020092416,caxias do sul,RS
23330,-29.49124414425323,-49.51560512327496,santa maria,RS
80313,-23.65225281172382,-51.1397627108229,ponta grossa,PR
79118,-23.535126824171833,-51.19504657574469,curitiba,PR
64894,-26.424563578198708,-50.72408930145265,cascavel,PR
12586,-24.13247151012187,-47.79622783140485,londrina,PR
79327,-26.976466354889315,-51.1638120738254,maringa,PR
64227,-26.409400405082003,-49.617767726970726,londrina,PR
10763,-27.354530605805287,-47.978591437812554,ponta grossa,PR
79508,-23.683134991668783,-49.4272814206233,maringa,PR
90251,-23.460631002327947,-48.589419618889764,curitiba,PR
21892,-26.755292980032642,-51.26541314874228,ponta grossa,PR
23272,-26.072273395853475,-47.34429356905031,maringa,PR
37164,-26.883082517371747,-50.88134984384728,curitiba,PR
83092,-25.34665586868349,-48.45055723634486,londrina,PR
68484,-26.88061264347383,-50.27239811852688,londrina,PR
85261,-26.10207681774442,-50.31603805702549,ponta grossa,PR
67574,-23.604869525697335,-50.890444172275764,ponta grossa,PR
87020,-23.963111004790395,-48.00185576521157,cascavel,PR
62886,-24.72201619022642,-48.40412249095057,ponta grossa,PR
34884,-26.41796738907033,-47.617842861097294,londrina,PR
18636,-23.935615916983437,-50.237045955695066,londrina,PR
43230,-25.020114543803537,-50.806525259676604,londrina,PR
46577,-23.749305671069614,-48.09884527654624,cascavel,PR
49396,-23.998946614070835,-49.429330886762834,curitiba,PR
81416,-24.88571992376031,-48.01753724201822,londrina,PR
36861,-25.180724647727374,-48.62472328873054,cascavel,PR
50983,-27.161173285057288,-50.09386867729511,cascavel,PR
16208,-23.887481609188217,-49.21814091062383,curitiba,PR
84360,-25.747922409321518,-48.465236729811615,londrina,PR
84351,-25.516550012280348,-50.0591098226035,ponta grossa,PR
93401,-24.826224070629284,-51.28587739890241,cascavel,PR
98706,-27.32570278295195,-49.07563405422678,cascavel,PR
41220,-24.96632405954195,-50.24666231436811,curitiba,PR
19570,-25.036449887414484,-50.927649254656316,ponta grossa,PR
30019,-26.09513148891235,-48.327237592798014,londrina,PR
45525,-25.388008641045282,-48.99048455015153,maringa,PR
91542,-24.260655163380285,-51.00939811162655,londrina,PR
67883,-24.22641658124799,-50.17622183579513,curitiba,PR
97689,-24.03067094163315,-49.060724932209354,maringa,PR
27190,-25.8971323463086,-48.53482914172525,curitiba,PR
47799,-24.70728603140319,-51.071928957910785,curitiba,PR
15806,-26.821231754834052,-50.78821151339937,cascavel,PR
95022,-23.899087560144505,-51.01330649751767,cascavel,PR
36477,-23.45139209097083,-48.234925675609716,ponta grossa,PR
37664,-27.13210663490986,-47.87263242333173,maringa,PR
72380,-24.225824671454806,-49.58363752358961,cascavel,PR
61830,-26.130813736121528,-49.41292676516772,londrina,PR
90852,-25.378819003066205,-48.179210916411485,curitiba,PR
82963,-24.16089617515941,-49.31740385880436,maringa,PR
40782,-24.02705971601585,-50.08238408993371,cascavel,PR
20006,-25.802028941666123,-48.92730472637282,maringa,PR
21963,-25.784487739815177,-47.98312294529745,criciuma,SC
54809,-28.215492311065386,-49.86419830627141,florianopolis,SC
21852,-28.470177345033278,-48.23337596750463,criciuma,SC
71751,-28.856161695893668,-47.994233870674165,joinville,SC
67732,-28.190763644874906,-49.20379615634072,blumenau,SC
28861,-26.177735776934956,-48.33695519562483,florianopolis,SC
55415,-28.933701744397144,-47.07906238288264,criciuma,SC
93087,-27.442460412397352,-48.41247529214922,joinville,SC
23754,-27.237280448094772,-49.7386954055042,joinville,SC
53595,-27.301365526617495,-48.195297032883914,criciuma,SC
72815,-27.150601386448933,-49.61264501561798,blumenau,SC
40492,-26.90795376910424,-47.88102002557787,sao jose,SC
86712,-26.57279475119151,-50.494283937768714,criciuma,SC
99540,-27.899783099317585,-47.0500029313824,blumenau,SC
87531,-28.251924601888447,-47.069101865560434,criciuma,SC
62133,-28.481953923295624,-49.477600725899315,joinville,SC
19129,-27.73077114489428,-50.30832986035185,joinville,SC
14357,-27.34555509568797,-48.30327965989906,criciuma,SC
90441,-27.570603511382465,-47.622767187267264,criciuma,SC
47553,-25.94290356164432,-48.95663544613841,florianopolis,SC
91339,-28.218287134016894,-47.64648918872942,joinville,SC
68511,-28.91222648332671,-48.73583355770964,blumenau,SC
36442,-28.136154694945517,-50.024663428026116,joinville,SC
59102,-28.50984044320395,-47.79053453362529,joinville,SC
10601,-26.3344041573497,-47.21533183568765,joinville,SC
19716,-26.380737030539603,-49.40274491892812,criciuma,SC
50681,-29.510858675734067,-47.33746935542781,blumenau,SC
77137,-25.744573311178332,-47.78014349651448,blumenau,SC
88839,-29.30406705781087,-47.04167883871159,blumenau,SC
87241,-28.760549442996766,-46.733257863035114,blumenau,SC
55345,-28.0572761987533,-49.282384600540354,blumenau,SC
20217,-26.579654190832063,-46.8433957146105,blumenau,SC
38903,-25.886437378000643,-48.04530626672949,blumenau,SC
56740,-27.846523046148118,-47.9124638801514,joinville,SC
32766,-26.10563350154229,-47.87241316521331,florianopolis,SC
25922,-26.39816644675303,-49.38368951708728,sao jose,SC
73149,-28.237925282849517,-46.93453419006364,sao jose,SC
57978,-27.691729740444,-48.2921582328112,joinville,SC
35111,-28.724683599565395,-49.01569152766869,criciuma,SC
76960,-26.46460844691679,-47.61969514221319,sao jose,SC
44433,-28.729413723378897,-48.61350226302192,sao jose,SC
20055,-29.3130383053077,-48.63326168035143,joinville,SC
70612,-28.75489018069728,-46.87152588502188,florianopolis,SC
45501,-27.962791795608968,-48.73852713808227,blumenau,SC
88124,-26.766109467163243,-47.18752199671448,florianopolis,SC
78909,-28.89604925403565,-49.13372208585574,joinville,SC
88927,-26.657271973631644,-48.212488003687504,blumenau,SC
61790,-25.847534580134422,-50.12844628573254,criciuma,SC
33863,-29.255315668165668,-46.745933913887484,florianopolis,SC
70658,-27.07907740389922,-46.665553261545604,joinville,SC
24841,-13.15225823795635,-36.66390785153513,feira de santana,BA
58196,-14.445054319083049,-40.423523590399995,vitoria da conquista,BA
11069,-12.690272892180733,-38.93820309472279,vitoria da conquista,BA
56250,-11.878132708218795,-37.24694622633829,itabuna,BA
76866,-12.146848571679156,-37.747228867188056,salvador,BA
32421,-12.787965448087277,-39.704473478069694,itabuna,BA
88994,-11.21946507240557,-40.06574571800597,itabuna,BA
52421,-12.705121013620818,-37.4624452567956,feira de santana,BA
43639,-12.707633273771144,-37.42989721103481,itabuna,BA
80133,-13.770418084614185,-37.189089566196415,feira de santana,BA
14148,-13.413329779363574,-36.58282381345139,salvador,BA
41531,-12.070972069454292,-38.06936017858734,camaçari,BA
56564,-14.886621360679722,-38.3362315798447,salvador,BA
53931,-11.424420989683496,-39.47568338268555,itabuna,BA
52790,-12.66103158709199,-39.255817337203695,itabuna,BA
62383,-11.397271454923313,-38.4306154646498,salvador,BA
19490,-13.069498786076519,-37.998625046944845,salvador,BA
74580,-13.832861760866095,-40.15907703627858,vitoria da conquista,BA
94687,-12.02019066762411,-37.91638572833162,camaçari,BA
67111,-12.385434018899481,-37.956479910454256,salvador,BA
97455,-14.546698862081742,-38.952026739120285,feira de santana,BA
83212,-11.946074713351226,-40.21947881110049,vitoria da conquista,BA
43109,-13.505356353466757,-37.349639808441246,itabuna,BA
35201,-12.694457147339191,-38.385857781211136,vitoria da conquista,BA
53264,-11.455102812075875,-36.75984835465856,salvador,BA
47264,-11.545898135721167,-37.32943245303112,vitoria da conquista,BA
94107,-11.900955582834309,-37.927542885621335,vitoria da conquista,BA
91580,-11.795121010053364,-39.98630482574679,feira de santana,BA
94745,-14.681458226258309,-39.616425742693714,vitoria da conquista,BA
54383,-11.358269316871732,-37.83284113932186,camaçari,BA
94501,-11.549393864347461,-37.83499144574535,camaçari,BA
78252,-12.820366662494472,-38.338623557496085,vitoria da conquista,BA
43598,-13.080821146076408,-40.390057370686534,itabuna,BA
50249,-12.6402481884403,-37.14217060757103,camaçari,BA
61415,-14.297566208623456,-40.05400452588907,vitoria da conquista,BA
64312,-12.625251044942265,-39.784987744252945,vitoria da conquista,BA
48725,-11.611018304649864,-39.00110794773066,itabuna,BA
47711,-12.831162061830625,-37.31200668394349,camaçari,BA
14131,-14.376640735422997,-39.09490502040038,vitoria da conquista,BA
11031,-12.383100380214099,-38.20535222600209,salvador,BA
19115,-11.68050373805471,-38.38017477585299,feira de santana,BA
86922,-12.49539509809879,-40.17489222867406,vitoria da conquista,BA
34379,-14.156404891780728,-36.88201520047922,itabuna,BA
74991,-12.353475757088088,-39.88510655722329,salvador,BA
22933,-13.006150322989123,-37.75670932258614,vitoria da conquista,BA
41014,-14.566834714501635,-39.496181015079195,camaçari,BA
96867,-14.454942139508326,-37.591814103395784,itabuna,BA
19663,-14.669016984036261,-37.00181416667069,camaçari,BA
69472,-13.12051297247064,-36.54060287746539,feira de santana,BA
92517,-11.212886318961516,-39.844745563683254,salvador,BA
55240,-17.506464331676025,-51.03624567108187,luziania,GO
40821,-15.760792522725186,-50.30078798935651,rio verde,GO
64062,-15.676895675659463,-48.181996870082315,aparecida de goiania,GO
58106,-17.175184941094393,-48.86100820411646,goiania,GO
63799,-16.97179458323871,-49.59975549248718,rio verde,GO
27340,-14.809788529839242,-48.543801596118705,anapolis,GO
26107,-17.323800872967524,-48.493739073472604,anapolis,GO
95939,-15.479716957169334,-48.379674720408325,aparecida de goiania,GO
97784,-15.788000887577057,-50.50847089089885,luziania,GO
73246,-15.384915778828221,-48.69384213986406,anapolis,GO
45296,-17.20575137779633,-47.896085201145546,goiania,GO
99388,-17.09199011434618,-47.78606237669612,rio verde,GO
70183,-16.810319509628386,-48.60459573568884,rio verde,GO
99088,-15.064928479648348,-50.3457329188985,aparecida de goiania,GO
74334,-17.45636546334412,-49.99771280376507,anapolis,GO
97844,-15.70445398826516,-49.603630824972484,luziania,GO
58834,-16.420118055789235,-49.69024724867043,anapolis,GO
34995,-16.50456169921503,-51.087764761838486,rio verde,GO
30329,-16.843837740106515,-49.700701572024094,aparecida de goiania,GO
92198,-18.115194753417715,-47.70387334074552,aparecida de goiania,GO
26938,-17.314457625067483,-48.52264374426569,luziania,GO
96116,-15.820009746091728,-50.54672470070047,luziania,GO
90910,-15.021095487623619,-50.77629687817444,luziania,GO
70544,-16.757718142660895,-48.660658415990376,anapolis,GO
84949,-14.81423575697316,-51.249249831781746,aparecida de goiania,GO
53465,-18.179290703183174,-49.7597004656128,goiania,GO
71351,-16.298620886335048,-49.79463238777975,goiania,GO
61530,-14.980100705026969,-48.371099460143974,rio verde,GO
71396,-18.256574224281284,-50.78630458925151,goiania,GO
95091,-14.709031888306729,-50.915384378338075,luziania,GO
36306,-17.474532497493264,-48.05609014509643,luziania,GO
18302,-17.084526440362495,-48.55114247142211,rio verde,GO
86778,-14.98298669670955,-47.61167073313104,luziania,GO
53700,-18.387355056538983,-49.898573412318584,rio verde,GO
35741,-16.480526134197166,-49.34016392263081,goiania,GO
68464,-17.877544181157994,-49.50167472885368,rio verde,GO
79510,-15.080980243385703,-50.77005440245421,rio verde,GO
54280,-16.911440490325006,-49.27836816123618,aparecida de goiania,GO
80636,-16.979121585558836,-47.30868198464446,goiania,GO
27272,-16.287816489105165,-48.87602581179431,goiania,GO
82915,-15.903135922270383,-48.15568186582564,rio verde,GO
87591,-16.61214421882677,-49.7701215665173,anapolis,GO
12362,-18.08110846481095,-50.77397456509999,aparecida de goiania,GO
51096,-18.328692173299096,-50.13091530088635,goiania,GO
14401,-16.700836079621286,-47.654310267901494,goiania,GO
21228,-16.358487660062934,-49.10407018687811,rio verde,GO
20604,-15.76680712697841,-48.615490869678865,aparecida de goiania,GO
92139,-17.253908783331823,-48.67089525703022,luziania,GO
64710,-14.946932227810425,-50.10964152515078,goiania,GO
19258,-16.77122352061737,-48.83675342082536,anapolis,GO
10279,-8.720447455674506,-35.35643601641378,olinda,PE
69270,-9.883252314600034,-36.57851647301135,petrolina,PE
25332,-9.436560244216468,-33.66822994543902,recife,PE
57230,-7.267016272861861,-33.006090436393166,recife,PE
51456,-8.66989845875083,-33.76122675300977,petrolina,PE
90810,-8.778171843020557,-33.51284212139752,recife,PE
68216,-9.356216608016133,-34.542149894248794,petrolina,PE
10046,-9.581470809853661,-34.06720784671391,olinda,PE
69335,-9.095538386100012,-35.79344412923373,recife,PE
95858,-7.866240862315832,-35.25935574016951,caruaru,PE
48218,-6.304630281962028,-35.264810826655825,caruaru,PE
24896,-6.3340072207812534,-33.422320325904124,paulista,PE
57883,-6.6129118989834,-34.03384299529976,recife,PE
42839,-8.514615940531247,-34.67192968115596,caruaru,PE
14359,-9.34065082826037,-36.48914249798904,caruaru,PE
80349,-7.253974973321888,-36.684944587594735,caruaru,PE
28869,-7.062403408225679,-35.18005746853261,petrolina,PE
99942,-8.231674293984996,-33.94772148935622,paulista,PE
25794,-8.649997147224704,-34.53520062246439,recife,PE
23034,-8.32185693508024,-36.81783745864357,paulista,PE
45248,-8.792504306229539,-34.48450649944653,paulista,PE
83690,-9.796939941180337,-34.395951255824,paulista,PE
40263,-7.315433768346688,-33.17593119631347,recife,PE
13814,-7.463846353349463,-35.98880072051991,olinda,PE
22846,-7.316285120793222,-33.55829825969271,petrolina,PE
73381,-7.337268490779376,-35.923137920232605,caruaru,PE
67218,-7.515309998545462,-36.56086716949525,petrolina,PE
95681,-6.891364765140456,-33.34366923660865,paulista,PE
82373,-8.35200199077103,-33.41157831681932,olinda,PE
25323,-10.025764564975173,-35.856629900927416,caruaru,PE
94436,-10.034097664880854,-32.951511946717275,paulista,PE
32622,-8.075569543798267,-33.89937316300351,petrolina,PE
78403,-9.546586175401284,-34.61877067388152,olinda,PE
93527,-9.64957376528503,-36.58232793937764,olinda,PE
43151,-8.510309246796407,-33.8607469075425,paulista,PE
43676,-9.107609320935763,-35.51033619328307,caruaru,PE
30351,-7.133383220157409,-33.35944528370158,caruaru,PE
24633,-9.77880923688683,-35.392063821748415,olinda,PE
82109,-6.42044646372177,-33.37849974581287,paulista,PE
17003,-9.701004349440113,-35.513470239285915,paulista,PE
43846,-9.1698183036874,-33.51138241088225,recife,PE
66322,-9.383454842232435,-36.343174780748576,caruaru,PE
14796,-7.432961731930845,-33.10000287565799,caruaru,PE
41279,-9.269591961843739,-34.75739864227173,recife,PE
95827,-6.770202431733438,-36.61242357322981,caruaru,PE
76267,-6.830243785311557,-34.959765599745225,olinda,PE
70676,-9.84289923801815,-34.139023718844584,petrolina,PE
48789,-6.32043663353867,-35.43699527444688,caruaru,PE
44222,-6.885573877397755,-36.89011340582412,recife,PE
84650,-9.220680408868429,-33.60433810184056,paulista,PE
41614,-4.116593022061528,-39.505989872096066,juazeiro do norte,CE
29729,-5.131794180589938,-39.62603661251565,fortaleza,CE
82659,-3.158312810765574,-39.48812363721953,juazeiro do norte,CE
13356,-3.779304442203719,-38.30629031623556,fortaleza,CE
34183,-2.834844069636212,-39.26431623460906,sobral,CE
90051,-4.092141850766184,-38.19435200206961,fortaleza,CE
47285,-1.7707600177999674,-36.82813130175238,juazeiro do norte,CE
44502,-4.284892711599387,-40.44972100324222,maracanau,CE
48153,-5.593032507652939,-38.00611941427382,fortaleza,CE
12933,-5.32339446588891,-38.02079832747305,caucaia,CE
93814,-2.5105081832701717,-38.013240929463265,fortaleza,CE
17286,-4.729276046603122,-38.1885829428089,fortaleza,CE
11975,-3.0699187948812137,-37.584675317996634,maracanau,CE
57152,-2.509633422655009,-37.961218791990824,caucaia,CE
36515,-4.741784564464908,-38.29049816926618,maracanau,CE
22118,-3.5123752460665267,-40.09527741751435,sobral,CE
28095,-5.443868824260003,-37.28567633476438,sobral,CE
73761,-2.847057346826601,-38.41000659047999,caucaia,CE
13413,-5.110448405116657,-37.00041148977951,fortaleza,CE
77803,-4.709506675571679,-40.3966926492371,maracanau,CE
47228,-2.8806307370193776,-37.40267977903061,fortaleza,CE
83157,-5.417405364400632,-39.04223476480891,juazeiro do norte,CE
38095,-5.545431958909139,-37.22441409390227,sobral,CE
81093,-4.880863949644281,-38.051910168321214,sobral,CE
22168,-2.249338997270466,-36.84052489796436,juazeiro do norte,CE
40617,-3.8251966804416533,-38.94510423552213,fortaleza,CE
46066,-5.055011924118786,-37.15079296524784,maracanau,CE
55938,-3.5874615317698177,-39.02951122698146,caucaia,CE
12277,-3.4360028035263728,-39.86790719089119,maracanau,CE
19085,-3.0150242818776034,-40.03990297816554,caucaia,CE
48769,-5.325618609158455,-40.3804252206111,caucaia,CE
42867,-2.3535241733986108,-36.63842529944284,juazeiro do norte,CE
59144,-4.143075158193399,-39.15256073857238,maracanau,CE
15263,-3.729179305517903,-37.88710993649621,caucaia,CE
33465,-4.083180913613233,-39.80815383502857,caucaia,CE
92738,-3.7375351490042354,-38.77789493083671,maracanau,CE
44900,-2.383103408578144,-39.72115187114685,fortaleza,CE
48340,-2.9725294146198036,-40.04925259558576,caucaia,CE
96518,-2.5749921075274282,-37.51560780341349,maracanau,CE
80325,-3.0679058622572066,-36.78318368365994,caucaia,CE
20064,-2.763248230994008,-39.199200504516476,sobral,CE
92552,-4.295002074919804,-36.6528462346011,fortaleza,CE
86534,-2.618549281385578,-37.32696957057381,maracanau,CE
46047,-4.005470713514766,-37.576726366810426,juazeiro do norte,CE
89827,-4.146874324480264,-39.80720712301081,caucaia,CE
21573,-3.6660486737589113,-36.724875742948235,fortaleza,CE
31493,-4.893229259280506,-37.60875492715898,maracanau,CE
13166,-1.8357897036070834,-38.67658584395179,juazeiro do norte,CE
66864,-2.258069842519115,-37.70162999097151,maracanau,CE
84414,-4.28295518293452,-36.51765972020122,juazeiro do norte,CE
79996,-5.880143892979924,-39.780486396440686,interior,ES
43761,-5.192992183234292,-42.25809266408011,interior,ES
82229,-3.579968831004177,-42.18570347940673,interior,ES
26254,-4.736220413107479,-39.796161804838114,zona sul,ES
72093,-5.230141771988602,-41.49931666677693,zona norte,ES
25019,-4.725266039398072,-42.13976554925812,interior,ES
67137,-4.389752839820734,-39.91638638420843,zona sul,ES
43047,-5.294244736417505,-43.27879018217961,zona sul,ES
85897,-3.943822393157773,-41.08297504807716,centro,ES
54957,-2.523626893446553,-39.803184276013994,zona norte,ES
45424,-3.3109166659827602,-43.4154037921306,capital,ES
12113,-5.443540132958441,-40.53601565951518,capital,ES
14113,-5.451690889499953,-42.31111956067943,zona norte,ES
15093,-4.780395446348331,-40.64331149049694,interior,ES
55710,-3.1704371923207275,-39.659180617664774,zona norte,ES
94765,-4.977580042847964,-42.83538529567906,capital,ES
16529,-3.381186914097456,-43.079848802809295,capital,ES
50392,-2.611201862119855,-40.89941889610302,zona norte,ES
91900,-5.487460617054485,-42.40045802220915,zona sul,ES
85772,-3.7666999933847456,-42.79689632272481,centro,ES
70120,-5.761368945410894,-39.64852865052874,zona norte,ES
70936,-3.114364001341784,-41.56704530366004,zona norte,ES
58469,-3.060122653043757,-42.406489572678154,interior,ES
59053,-4.125286332079469,-42.854762151546886,interior,ES
27099,-4.353197096054772,-40.29546145558862,zona sul,ES
49406,-4.112928157579114,-40.523925533694964,capital,ES
16731,-5.604133263015781,-41.60905066388633,centro,ES
36919,-2.212870489012878,-42.906853899084865,capital,ES
40697,-5.416883496867602,-40.77538935045396,interior,ES
74423,-4.9441794020568635,-41.44165014418173,centro,ES
98045,-5.251518097187347,-42.96577399819522,capital,ES
73189,-2.7328738816486933,-43.11600923942616,interior,ES
23028,-4.113472925912535,-40.639021677871284,capital,ES
68202,-5.719992731053608,-40.68716104579731,centro,ES
43198,-5.566454540547065,-39.872755483144275,centro,ES
70424,-2.6732769743378846,-43.26694677502622,centro,ES
29829,-3.682497019991989,-43.1577688911985,interior,ES
25151,-2.9479224782370013,-39.68734848532937,zona norte,ES
77322,-3.9769915889370995,-43.319734584644856,zona norte,ES
38575,-5.649526981477571,-41.02519047764439,zona norte,ES
42153,-4.949280116365657,-41.95524335086653,centro,ES
20931,-2.705589230840516,-39.96591666858115,centro,ES
60401,-2.844579099953777,-40.09159542463332,zona norte,ES
96315,-4.436901272559476,-41.18621932451785,capital,ES
99249,-3.45766140447604,-39.69338499200339,zona sul,ES
40129,-3.391853704746226,-41.57377961100813,centro,ES
52533,-3.1183073139299418,-43.42063715335294,interior,ES
57901,-3.314860570217664,-39.71576246579161,zona norte,ES
47799,-4.859129315578894,-39.820451842966406,zona sul,ES
82958,-2.6851560508486894,-42.85584322739101,interior,ES
96660,-21.95018256320571,-49.69178046655942,zona sul,MT
31204,-20.73730761880308,-46.66173219177727,interior,MT
49216,-18.739815772706805,-49.446338848903395,capital,MT
27235,-19.992880476941608,-50.398162584560616,centro,MT
65127,-18.593352033495865,-47.36285154451651,interior,MT
42323,-19.769172447843882,-47.813902159424,zona norte,MT
80028,-18.747534528843897,-47.912460684991636,capital,MT
38416,-20.963726358318254,-46.69642328330296,capital,MT
52251,-20.418956077267847,-49.26961728912225,interior,MT
97029,-18.23197045019706,-47.41422259953471,zona norte,MT
59471,-19.97110920319304,-50.60120607405304,interior,MT
60202,-18.22052178960922,-50.22335033779995,centro,MT
92839,-21.56573871836444,-48.88888297962252,interior,MT
26026,-20.92115671742146,-47.95708823782428,centro,MT
67675,-21.22065614010351,-50.340754130542685,zona norte,MT
19742,-21.251016921184135,-49.976023835995086,zona norte,MT
83082,-20.323637594546568,-47.48460597636852,centro,MT
68728,-18.30219095236937,-47.22465432851324,interior,MT
26064,-19.590309014812853,-48.624255903435945,centro,MT
96738,-21.186483975237532,-48.274959675438566,centro,MT
27144,-19.87851130777161,-48.88885407246561,centro,MT
95303,-19.235379480619834,-49.005527426945406,centro,MT
30454,-19.15008144729304,-47.862254629830986,zona norte,MT
96506,-18.83382046941597,-47.67232067041745,capital,MT
86304,-20.28253559601265,-47.427827315917895,zona sul,MT
34252,-21.692449719812693,-50.48913547610504,capital,MT
85327,-20.54315856864845,-47.07385827155287,interior,MT
86568,-19.24661808769972,-47.34812021397873,zona sul,MT
32581,-19.96220723705551,-46.93827856423468,interior,MT
63822,-18.468471644931704,-49.450823782809685,interior,MT
78833,-20.265708918996985,-50.37299772193884,zona norte,MT
44453,-20.271129655261376,-49.261252793815586,interior,MT
33748,-20.309101569326266,-49.796467487276445,centro,MT
46628,-21.88211868421293,-50.14277998015892,centro,MT
12224,-19.975532827488895,-47.788390835251924,interior,MT
34422,-19.37348760359647,-47.72807766605981,interior,MT
51602,-20.784312212972225,-49.17616724512006,zona sul,MT
97257,-20.56551448766195,-49.035624198681504,zona sul,MT
54559,-20.154247512686414,-50.51820905445652,capital,MT
58177,-18.783193737615022,-47.363170722963645,interior,MT
15089,-20.655174103642977,-48.6451934178286,interior,MT
77116,-20.903742071110507,-47.21635790684122,zona norte,MT
73326,-21.284361481721568,-48.946875168558186,zona norte,MT
83530,-21.43234778007507,-46.95229093959113,zona sul,MT
15100,-20.470904758601794,-49.40641370895835,capital,MT
51313,-20.874361191871238,-50.29377690219163,interior,MT
97971,-20.787899106433688,-46.634832212933254,centro,MT
67158,-18.7989538178636,-50.37895197907559,zona sul,MT
56964,-22.05002878704179,-48.062661396466474,centro,MT
55817,-21.54887467401102,-49.422213675029546,centro,MT
43951,-11.152901840116547,-50.859432072880175,centro,MS
13419,-8.842588198957696,-52.39074029970921,zona norte,MS
18626,-10.086870289822748,-49.95064367418318,centro,MS
11903,-8.46704646399855,-50.31500292482499,zona sul,MS
40252,-9.969247587117618,-52.45453251878382,zona norte,MS
68010,-11.824164708821785,-51.274849211895585,zona sul,MS
25893,-12.193203003365525,-52.79559808584473,zona norte,MS
93287,-10.138289776707767,-50.22589596847132,capital,MS
53583,-9.145704375503222,-51.40698781245935,interior,MS
70960,-10.668812486461738,-49.81472640979407,zona norte,MS
86013,-9.120879085121112,-50.47668406395474,zona norte,MS
90647,-10.85532339037623,-52.759819331303625,interior,MS
92991,-9.838456206129875,-50.07240533352973,capital,MS
96887,-11.38163999910699,-51.84505633010829,interior,MS
49770,-11.354841358323235,-50.470162744456445,interior,MS
86185,-10.797905746562513,-52.090356109235834,centro,MS
94134,-8.3884123938146,-52.59644540383472,zona norte,MS
49108,-10.19894456900952,-50.44454441034888,zona norte,MS
64238,-11.231687466671303,-51.88436659814098,zona norte,MS
46202,-9.978855437613824,-50.69815823629193,interior,MS
77189,-9.90178459364391,-50.017205142516644,capital,MS
76083,-9.073263919439364,-50.50614815525704,capital,MS
97820,-9.757601511731753,-51.16589718425728,interior,MS
54114,-9.31867933732202,-52.5516170903566,centro,MS
23908,-8.915738513216356,-51.601653112226664,zona sul,MS
82815,-10.317269007201638,-51.79153729929167,zona sul,MS
24490,-9.154609132247971,-49.081480986287474,zona sul,MS
67518,-10.622156280620732,-49.10284982293642,capital,MS
80079,-9.345306470977944,-49.16559758196847,capital,MS
77517,-10.286458045840163,-51.62605093117186,capital,MS
95410,-9.878093887447761,-50.25668249600165,capital,MS
32578,-9.571227607926819,-49.1916495021701,interior,MS
79169,-9.893434769941742,-49.54437369050181,zona sul,MS
25633,-12.029018679256756,-48.97569400324399,zona sul,MS
79172,-9.06106922541115,-49.07864317172436,capital,MS
28463,-11.769850575169722,-52.79172103624562,interior,MS
74514,-9.578178627827445,-50.84162591948942,centro,MS
29101,-9.449065530922516,-48.99256429533761,zona norte,MS
74936,-9.41150250517664,-52.0867753033648,interior,MS
59336,-11.246808022634891,-51.09456977099579,zona norte,MS
84904,-8.551592735452022,-52.48269052518431,centro,MS
56794,-10.276563734548848,-52.69040477742088,capital,MS
80782,-11.435686746017268,-48.82449243179112,zona norte,MS
63228,-10.630284998196641,-51.740269989895474,zona norte,MS
68895,-10.206118180823161,-49.30071625108791,capital,MS
14030,-10.349236743312343,-52.1395949922535,interior,MS
30867,-9.301477959209189,-49.56784802395692,zona sul,MS
43677,-8.83526165979139,-50.393593216468155,zona sul,MS
15448,-8.264119397292735,-51.30930885470433,centro,MS
28216,-8.96272180589769,-51.3277180665652,zona norte,MS
14250,-23.258722908426034,-36.691677215269515,interior,PB
70454,-22.172567015930852,-36.4956093195082,zona sul,PB
78842,-21.757691499110866,-35.41190987000271,centro,PB
53924,-24.39978202460549,-38.97649859158739,zona sul,PB
71195,-21.788069370735357,-37.58524101180185,zona sul,PB
94280,-21.827313941597794,-38.24381206982471,capital,PB
73550,-22.277700168301205,-38.49920202806088,zona norte,PB
93780,-21.914495396612633,-38.33638854033308,zona norte,PB
47946,-24.14958610414171,-35.69518520459112,centro,PB
37424,-24.808112800265697,-37.24278531954974,capital,PB
85842,-23.86764164241631,-38.616114696742535,interior,PB
89893,-23.432837710673688,-37.236329637894094,capital,PB
46088,-21.641341197359985,-37.40571217802196,centro,PB
86473,-22.932005051355624,-36.87586539471423,zona sul,PB
18255,-22.33553732960607,-36.39092844110475,zona sul,PB
11256,-23.03773298141275,-36.52659750773576,zona sul,PB
61182,-25.189755264319622,-39.0326606609317,interior,PB
17529,-23.3591281208878,-36.664275784929046,interior,PB
86609,-25.285354207009465,-36.767781821485755,zona norte,PB
29746,-22.498731478318085,-35.77208771258739,zona norte,PB
51235,-22.40912530479172,-38.92900620356973,interior,PB
76336,-23.269455425862994,-38.839133016987496,zona sul,PB
26832,-22.757720627860618,-38.31594428890966,interior,PB
81655,-24.541560058719018,-37.0128886248331,zona sul,PB
86473,-24.655299464304726,-35.96693184330299,interior,PB
52832,-24.36976119750536,-38.0397346944052,interior,PB
39782,-23.832261457601536,-38.543826759185585,zona norte,PB
60624,-23.53941573905611,-37.73757323618443,capital,PB
47513,-21.43554136707677,-36.140973985948904,interior,PB
52797,-21.59900513050361,-37.74760803049739,interior,PB
56060,-23.833973084303754,-36.09715624562398,zona norte,PB
94750,-24.783194044001938,-36.66048012756611,centro,PB
92383,-24.155862590397653,-36.52920610671685,zona norte,PB
33974,-24.568549863247352,-38.18766273060719,capital,PB
33901,-21.874472528393625,-35.85115612951912,capital,PB
48001,-25.17832238346474,-38.18259331533458,capital,PB
86582,-24.086800143940852,-37.45274333277787,zona norte,PB
18457,-25.176969181904205,-39.043763361238675,centro,PB
61391,-23.458145854173758,-38.864068462636006,interior,PB
60911,-24.366161770268896,-38.859207823070705,centro,PB
57997,-24.115075248061153,-35.598570971942934,centro,PB
44092,-25.082639970494498,-37.583264982330014,zona norte,PB
32489,-22.882691121081344,-38.831870749384116,zona norte,PB
65219,-24.902131662258608,-38.00871444487237,zona norte,PB
93040,-22.295073404134907,-38.415622871470475,capital,PB
87964,-24.18627200085291,-37.23864092721651,interior,PB
12855,-21.650801992575616,-38.468522701447846,centro,PB
20804,-25.33988121614478,-39.04357463524196,capital,PB
77392,-25.161609262653084,-38.71849589135122,zona norte,PB
71681,-23.291084970111406,-37.31650993195619,interior,PB
88600,-6.240704607641732,-43.62208935713659,capital,RN
41527,-5.467624598818955,-42.698084005906225,zona norte,RN
85778,-5.795299227912439,-44.6301978229849,zona norte,RN
78843,-7.855836239412394,-45.99505299992972,capital,RN
51548,-7.686450430631195,-42.73268059682357,zona sul,RN
58941,-8.444324186128371,-45.45075101699475,centro,RN
26228,-8.627264680546254,-43.47196051416098,zona norte,RN
42015,-9.044500409325188,-44.66998442588803,centro,RN
71857,-5.636761779830198,-45.897659507256655,centro,RN
58632,-6.529254904816394,-45.52607880680351,zona norte,RN
44977,-8.916250499129392,-43.431172658673276,capital,RN
36754,-8.09351155099426,-44.15046530119594,capital,RN
77690,-8.562930290613997,-45.537672404531065,zona sul,RN
92655,-5.86413934335124,-45.79315937002409,interior,RN
39767,-7.186661105545181,-42.64495024157925,interior,RN
41078,-5.629235797816662,-45.32791185462189,zona sul,RN
26403,-8.98575592641507,-45.19318427137595,zona sul,RN
14227,-7.169589145319491,-45.627999199400044,interior,RN
97257,-6.748627285775172,-44.5261599118597,zona sul,RN
18752,-6.6706612947302695,-42.58641849419784,capital,RN
37918,-8.406734377653802,-45.65251758721795,centro,RN
22055,-6.315153586539812,-42.41041326640953,centro,RN
31960,-6.265265512732665,-42.76099753690374,interior,RN
22739,-5.982140157175818,-45.62122353277949,centro,RN
44364,-9.120757045325632,-43.370372803259784,capital,RN
87460,-8.668095789457922,-43.03664715906538,centro,RN
39816,-7.030038132974065,-44.64070532647742,capital,RN
96552,-5.434127126124743,-44.86099437056024,capital,RN
39525,-7.092173582113006,-43.23798042343227,zona norte,RN
76489,-6.741014791743462,-42.77807091607717,zona sul,RN
28113,-7.618478452809766,-45.913862246931856,zona norte,RN
57943,-5.8108032575649675,-43.99868356783755,centro,RN
71993,-5.819863316863362,-44.07105180995661,capital,RN
43303,-5.728030066916809,-44.63753412385045,interior,RN
76030,-8.051503345742837,-42.380366299594044,interior,RN
17025,-6.976698994454016,-42.1948970140724,interior,RN
25445,-7.284248515743131,-43.59902028410379,zona norte,RN
30482,-6.225359979333451,-42.60271081222846,centro,RN
69754,-8.390148659645966,-42.61434097607378,interior,RN
22207,-8.791313495748811,-43.819654940119065,centro,RN
84762,-6.4187478786561005,-43.10099309498244,zona sul,RN
16712,-7.380228340726375,-46.06800101449478,capital,RN
60703,-6.017141361176429,-45.1454405644458,interior,RN
85882,-6.941096654799477,-45.000918256151216,interior,RN
39552,-8.624724151622516,-45.259422777876594,zona sul,RN
85073,-7.278333571874592,-44.546639277396736,interior,RN
79430,-5.663536480906672,-44.6927362795012,interior,RN
76781,-5.564595876969733,-43.754327298230685,capital,RN
70728,-7.701463120462201,-44.71005967154529,zona sul,RN
49269,-7.808382499733656,-43.326823138480215,zona sul,RN
46854,-9.249206675738915,-36.92343959208983,centro,AL
59991,-11.553069141245437,-36.46103572244541,zona sul,AL
88887,-9.285050807067186,-34.591112076337375,capital,AL
13600,-12.205853491881882,-36.525863821694045,zona norte,AL
88767,-10.283238842823437,-36.12752083719729,zona norte,AL
87259,-12.622610753551545,-38.020977828060566,capital,AL
29255,-12.427246471333806,-37.06004632658753,capital,AL
88348,-11.948006438858352,-37.15880685278949,capital,AL
11876,-12.517572803952081,-36.60031887481856,zona norte,AL
18491,-10.930804820619827,-35.55590349764239,zona norte,AL
91218,-9.965786134924052,-36.57522676147016,centro,AL
19992,-10.860628596497602,-38.01041239816809,capital,AL
24922,-11.649167092281225,-37.803140396264425,zona norte,AL
66587,-9.587272663073737,-37.116414748100645,zona norte,AL
78091,-9.25246781722724,-37.16001811327316,centro,AL
46499,-12.024632330040335,-34.57325805584175,interior,AL
61743,-12.378334078066331,-35.35208864083321,capital,AL
16779,-12.081991572644178,-35.41256133133691,centro,AL
41243,-10.162317575343781,-36.13270440680313,zona norte,AL
92663,-8.810416681486133,-37.574463859128805,zona norte,AL
23519,-11.28087215531604,-34.98185827264544,zona norte,AL
80702,-11.899274851297331,-36.14367473756431,capital,AL
99363,-11.239915991340688,-36.63800917982052,zona norte,AL
82469,-11.497903546321776,-34.3643551606864,zona sul,AL
99829,-9.087446041113402,-36.571260756277105,zona sul,AL
58406,-10.173369829760288,-37.82157322587044,centro,AL
47397,-10.722798578003752,-36.04751885220884,interior,AL
46796,-10.425676728622674,-36.036667640028284,zona norte,AL
43544,-10.341875211952264,-37.28186604188332,zona sul,AL
59996,-11.64695645335197,-34.54859083540759,interior,AL
88377,-9.60176537850878,-36.288421938152055,zona sul,AL
43424,-12.240825520484378,-34.440745388103124,zona norte,AL
10584,-9.741006644820441,-35.58679442996051,centro,AL
75558,-11.153490512622064,-34.88737265822186,centro,AL
48160,-9.213030246323259,-36.764431338867304,zona sul,AL
80136,-11.047085627363579,-34.39725870253231,zona sul,AL
19205,-10.58173871000346,-35.83937375753281,capital,AL
76114,-10.614140992635225,-35.151091026526665,zona sul,AL
59346,-10.894993119505749,-37.088341947886384,interior,AL
86962,-9.983950660512932,-35.34199768097915,centro,AL
89045,-9.340507316347466,-35.376893734017635,zona norte,AL
60472,-9.965250353445569,-35.09189981578563,interior,AL
42932,-11.97901347066625,-37.78531060464528,centro,AL
91985,-11.252003137418427,-35.771224338414186,centro,AL
57493,-10.291596706513982,-36.200857613455334,zona sul,AL
78849,-10.771670636809205,-35.9266333935864,capital,AL
45095,-10.531495798766324,-35.19506544568906,interior,AL
17860,-12.294599599648418,-37.125047397641474,zona sul,AL
49320,-12.024593867134543,-35.24988021861201,interior,AL
21047,-10.179549164267893,-37.935902376475326,zona sul,AL
70753,-24.177167438138074,-50.60471390010589,capital,MA
41268,-25.829405322050285,-50.15039829128563,interior,MA
37814,-26.874349109495135,-48.70319758230761,zona sul,MA
45374,-26.133481089658183,-49.936508740251135,zona norte,MA
67543,-24.77184705243797,-48.33631315623493,zona sul,MA
59295,-26.414592791929127,-48.705003564564514,interior,MA
94361,-25.700583229636365,-49.59012702014974,zona norte,MA
47294,-24.115650102802803,-48.792657126343094,interior,MA
65920,-26.619370174379274,-49.08914028969254,zona norte,MA
74604,-25.935539342963708,-50.64555201780503,zona sul,MA
63521,-24.173837345957526,-50.37252589402683,zona norte,MA
65971,-24.562975446375507,-49.01797742929659,interior,MA
65250,-25.003642959970332,-48.69612704735305,zona norte,MA
14379,-26.649158309577107,-47.19078776046178,zona sul,MA
85803,-26.001218744414683,-50.657605708091836,interior,MA
96466,-24.322885226686363,-47.665929891992164,centro,MA
84657,-26.389038690191395,-46.90697512427471,capital,MA
98413,-23.861614630899698,-49.523411186966904,centro,MA
74623,-25.124270899974867,-49.79643394342782,centro,MA
84929,-26.917978114183494,-49.08712118614085,zona norte,MA
99876,-27.009289548795785,-47.47802109946463,centro,MA
75906,-27.50532145763268,-49.03854981112436,zona sul,MA
60236,-25.67835733568612,-47.52285876435888,zona sul,MA
56317,-27.606505041446816,-48.20240215016118,zona norte,MA
84393,-27.561364212163788,-50.297940845327105,capital,MA
81587,-25.432546711175366,-47.41022644434962,centro,MA
21288,-24.792187424789493,-49.20895944014592,centro,MA
58843,-27.44080191601101,-50.746191444671716,capital,MA
87758,-26.534886637111438,-50.569008952920356,capital,MA
79096,-23.86583781468486,-49.79856521368423,capital,MA
36357,-25.197349781399367,-47.11513565984795,capital,MA
45779,-27.203906499526763,-49.74160666091799,interior,MA
82361,-25.666052478241426,-47.15800307873655,zona sul,MA
13927,-25.692108201106997,-47.036192494809754,interior,MA
74038,-25.928264981024157,-47.85809379253351,zona norte,MA
31034,-24.166840662654778,-49.59566284556687,capital,MA
94731,-25.24646540720008,-50.535811896192925,capital,MA
94941,-26.80616839735797,-49.35208392915056,interior,MA
64577,-25.7165356310977,-47.23915342756276,zona sul,MA
10197,-24.797966517232474,-47.43662310350941,zona sul,MA
33289,-27.587877023428497,-49.01656161513049,centro,MA
79665,-27.12524490907063,-48.87622572407369,interior,MA
99629,-25.676068014316105,-49.314088424430594,zona sul,MA
31247,-27.677324459717823,-50.57109059514223,zona sul,MA
75132,-27.758951729743746,-48.21705049505576,centro,MA
71134,-25.532418001301238,-50.37757767931189,zona sul,MA
88972,-24.463026155380735,-49.89415399573052,interior,MA
58609,-26.340380691907527,-49.973919013752514,capital,MA
76778,-25.61856952192396,-48.334059654371885,centro,MA
24131,-26.857200619641983,-47.6914604261326,zona norte,MA
98585,-14.796337876013414,-51.88439266665019,zona norte,PI
12666,-16.48680160761778,-53.01962591599167,zona sul,PI
97051,-14.380194756451047,-51.783869809435785,interior,PI
93185,-16.395668716510958,-51.74399924019728,centro,PI
10034,-14.992710898039164,-49.53080454997457,interior,PI
13677,-12.876446856531496,-52.70962097163604,zona sul,PI
20316,-12.829681044696821,-53.388370076790125,zona sul,PI
46482,-14.28224389153958,-51.625380053639546,interior,PI
46659,-16.178960335005655,-51.7727149954687,zona norte,PI
74434,-16.43345359828934,-52.669023501854376,centro,PI
87606,-15.807625081392564,-49.51433155268193,interior,PI
92174,-13.306659454340373,-49.47758626512536,centro,PI
27739,-15.68533957316422,-50.13204822959059,centro,PI
37688,-16.117844366346965,-52.197592511771354,interior,PI
51631,-13.200579956659503,-49.58974213012463,interior,PI
69506,-14.990554856433128,-50.85461965768099,capital,PI
24844,-13.290588879737118,-51.83166685682339,interior,PI
43772,-16.51171680571346,-52.81431727830316,interior,PI
83374,-14.462001737184217,-50.38006670329359,zona sul,PI
52236,-15.9774529984746,-50.93712750721852,zona norte,PI
29295,-13.432783490060013,-49.64327004171718,interior,PI
53443,-14.832216773024946,-52.237053898794194,interior,PI
47906,-14.338648891020755,-52.96801275348667,capital,PI
44578,-15.175576818198042,-51.97163507135202,capital,PI
17842,-14.520010705856002,-49.76637704618237,centro,PI
85552,-16.059909196537113,-52.205262957606955,zona norte,PI
38762,-15.405841850998936,-49.54828631900139,capital,PI
70402,-14.73428959598261,-52.88712363829023,centro,PI
59884,-15.195384041273217,-49.952695799791556,interior,PI
27270,-14.176814978253965,-50.37566169672234,zona sul,PI
55369,-16.503762302444386,-53.161138430613576,zona sul,PI
87229,-16.5898561563953,-53.24858182539531,zona sul,PI
40568,-14.954903926500698,-49.977816724921496,zona norte,PI
48210,-15.47599755489759,-51.03136656580242,interior,PI
31400,-14.43506329092523,-50.621145254354566,zona sul,PI
58627,-15.594582824900252,-51.72266189344572,centro,PI
72227,-13.611783674667489,-52.8349656854139,zona sul,PI
42933,-14.950919561252373,-52.99969017603036,centro,PI
28583,-12.635595739645261,-52.44238745250903,capital,PI
65879,-12.629696977718147,-50.96012443028181,zona sul,PI
73378,-12.736766406591727,-50.268085479718636,centro,PI
15815,-15.782211329326872,-51.056443728505265,zona sul,PI
32423,-13.55907798134642,-53.215676032716075,zona norte,PI
63021,-14.706944140863987,-50.51321264978237,zona norte,PI
51004,-13.352240096666456,-52.60598476076369,capital,PI
87486,-14.803453950562705,-51.491402612577,capital,PI
23494,-14.289024417888312,-50.710568117880946,interior,PI
19469,-15.762297720587416,-53.24267608069003,interior,PI
14990,-12.96739314003686,-49.7760048106202,zona norte,PI
61283,-14.536076578013574,-50.533770258554064,centro,PI
51910,-13.228802847964687,-46.320963098319105,zona norte,PA
79963,-14.105520385059059,-46.551036929368465,zona sul,PA
85435,-15.469843299791064,-45.72597285600126,zona norte,PA
34765,-16.99853748595073,-43.8589506601175,capital,PA
59973,-17.1300185793069,-45.43764706706345,interior,PA
28161,-16.99771325347219,-45.80848738161254,interior,PA
63467,-16.316086544483497,-47.015307918671226,interior,PA
30318,-13.852520576366363,-44.0157207910144,interior,PA
21276,-14.25537425878414,-46.650456544174084,zona sul,PA
88055,-14.490724724689839,-45.668827686170445,interior,PA
98742,-16.259694614846904,-46.179822958601754,zona norte,PA
98926,-16.583592770187757,-45.651479736399104,zona norte,PA
43842,-16.094807736718074,-43.430401462106076,capital,PA
69384,-15.120693388976957,-46.945329854541484,zona norte,PA
92420,-16.7878298742899,-43.648612928266914,interior,PA
67482,-16.796184276025347,-43.412673770866256,centro,PA
35532,-14.89396225882632,-45.637604471468606,centro,PA
20622,-13.393354572804496,-45.12297866472832,interior,PA
56088,-13.496242424294023,-46.69874445617953,interior,PA
22784,-16.294797022758292,-45.75008463040315,capital,PA
72538,-16.02365445172999,-46.392488269356335,interior,PA
58082,-13.377571170973132,-45.67779363963174,zona norte,PA
49206,-15.114133904014095,-45.76316534018449,zona norte,PA
37700,-15.517747681609517,-45.463744601789024,zona norte,PA
79581,-14.943542952787872,-46.652816078861576,capital,PA
53283,-13.69496090185892,-43.834966521977435,interior,PA
25324,-13.811624363436465,-44.40802067077005,zona sul,PA
78328,-14.14225156822184,-45.19598104156776,zona norte,PA
94361,-16.696916325419163,-45.79985062393074,interior,PA
13221,-14.739655354975902,-46.1215579567211,capital,PA
73378,-13.224513954064847,-46.379591827696366,zona norte,PA
47423,-14.367809115256836,-43.7348182091873,interior,PA
87133,-16.371607063309185,-43.63907528901896,interior,PA
84519,-14.097199087430639,-43.84331527067607,zona norte,PA
67293,-13.460364346007413,-44.887582283900066,capital,PA
54743,-14.19025838338142,-43.521242777594686,zona sul,PA
10173,-15.562993221982223,-45.7410089739591,zona sul,PA
92473,-16.68068396760947,-47.02292929782888,centro,PA
15931,-14.658431885362223,-44.0444157682343,zona norte,PA
31725,-13.271268201658167,-46.191985792496865,capital,PA
93576,-13.442005045926363,-44.02664365067528,centro,PA
50174,-14.466489755239435,-46.692668335889984,interior,PA
76183,-14.02536151089366,-46.39856831298807,zona sul,PA
62475,-15.300725223934343,-47.10865269958942,centro,PA
48469,-17.03239424507669,-44.647616801022714,zona norte,PA
29388,-16.871213123124093,-45.055446007144994,capital,PA
62709,-14.643319273532407,-46.87595456283968,capital,PA
87328,-13.339494156918096,-44.80966876959421,capital,PA
75662,-16.646272316417246,-46.352310586797195,zona sul,PA
68469,-13.179147166041211,-45.19007903628082,zona sul,PA
98540,-25.57748598392949,-53.187157531004715,zona norte,AM
27850,-24.68672759828872,-55.59613540269948,capital,AM
11410,-24.631336809508703,-54.96724762239631,capital,AM
58139,-23.023818433819468,-52.74462616234066,centro,AM
76245,-24.751123964664437,-55.705611875039736,interior,AM
13254,-26.881877985134334,-56.303544909843446,zona norte,AM
13033,-24.842519766574874,-52.63443357098132,centro,AM
45138,-24.248493487693164,-53.95525132295032,interior,AM
12406,-24.86886765484991,-55.3339640105331,zona sul,AM
11700,-25.286039737675715,-52.461393755300136,zona norte,AM
70884,-26.03409337255053,-55.620512645873085,centro,AM
79870,-23.63510212582294,-52.961986088387484,zona sul,AM
93115,-25.9654679052401,-55.8564994624227,capital,AM
54088,-26.068754704104677,-55.410868773816986,interior,AM
15810,-24.73404884759399,-54.4093804579522,zona sul,AM
73797,-25.10460142538114,-53.12031615978319,centro,AM
38085,-24.835143755588152,-53.41569242969017,capital,AM
80842,-24.844442731669346,-53.09879668676244,centro,AM
42790,-24.839010593413697,-53.00231758580962,centro,AM
61595,-23.974534768380273,-56.21207831801199,interior,AM
26736,-25.71531826979964,-54.77126710125446,centro,AM
42438,-24.291648248631724,-54.572502586797505,centro,AM
88812,-25.892997032586674,-53.944518453294975,zona norte,AM
55936,-25.76073690963505,-55.35738752079998,zona norte,AM
96961,-26.38504178137208,-53.3779188756996,zona sul,AM
83362,-23.529968891650693,-53.93409262146764,capital,AM
32901,-26.421118235223712,-56.05902003760229,interior,AM
90842,-26.77527903887421,-52.715306964878245,zona norte,AM
81146,-24.153336972502316,-54.7607002349131,centro,AM
14461,-23.42690888021159,-53.63572430423043,interior,AM
70684,-24.895163729942677,-55.38980286770054,centro,AM
93088,-25.664695930720214,-52.535275394823806,interior,AM
24503,-25.033575730390073,-56.14289899942871,capital,AM
56766,-26.670283367186,-54.12161870137185,zona sul,AM
28252,-23.518242720322917,-53.127591124743596,interior,AM
17541,-25.601158597997724,-53.161200761639414,zona norte,AM
16647,-23.02514364811458,-55.677885052417814,zona norte,AM
79875,-24.822208110692383,-53.6265856971453,centro,AM
27305,-24.70625574510174,-56.180269170779425,interior,AM
75560,-26.816609837313468,-53.37432650298658,capital,AM
79043,-23.82136403211353,-53.16242230938743,capital,AM
42829,-25.919339148877068,-55.89363583287377,interior,AM
90289,-23.30376755999115,-54.28051383530817,centro,AM
51592,-26.189959640608105,-53.3189286981077,capital,AM
83125,-23.160566434613965,-53.83852272733829,interior,AM
67371,-26.150084818944084,-56.021273376307924,zona norte,AM
99100,-26.87281582754368,-53.58118750875078,capital,AM
62102,-23.56856827055565,-53.853579505305085,capital,AM
87458,-26.925552147153038,-52.63033732905585,centro,AM
12787,-26.474617997490256,-53.12336474654477,capital,AM
44363,-14.093135479761056,-49.855310602036255,interior,DF
92931,-17.388192505540246,-48.786579797043245,zona norte,DF
86324,-15.620984922749866,-48.94828050244384,centro,DF
26847,-17.36526362625516,-46.29654143160118,zona sul,DF
73955,-16.63714360609808,-47.510255938398785,capital,DF
36793,-16.091054485686694,-45.93717621398628,interior,DF
60930,-14.41086761314771,-46.90497817541878,zona sul,DF
24283,-14.339024198282441,-47.15851844270112,zona norte,DF
50195,-15.427392129910219,-48.95806831348693,centro,DF
59890,-15.047969960953639,-48.113716698870604,capital,DF
19058,-16.402420272716302,-47.48498142589035,capital,DF
88102,-15.01196287506415,-46.6670477694784,centro,DF
97843,-17.318246282368257,-48.539499070400616,interior,DF
53940,-16.85464600806746,-47.496317627116504,zona sul,DF
50771,-16.617444871042714,-48.78099207585966,centro,DF
64896,-17.143455289949895,-47.74626942814267,zona sul,DF
71813,-17.461068395257215,-46.11647798841335,interior,DF
47877,-16.80239906915501,-49.71214424275625,zona norte,DF
77048,-16.388348927010945,-46.55972097985173,centro,DF
32666,-15.503670486816409,-46.960584287030755,centro,DF
31897,-14.852611436571568,-47.286251015039554,capital,DF
81262,-15.361377649445974,-49.529478745758766,zona sul,DF
90421,-16.59540442746619,-46.8515805699565,zona sul,DF
63038,-16.65958454759105,-46.614808378703636,interior,DF
64110,-14.435066423703248,-47.16795188440451,zona sul,DF
79408,-15.086933569583744,-46.455743415428564,zona norte,DF
89731,-17.026152809586215,-48.51339421330777,centro,DF
11664,-14.288670755548623,-46.12616746775841,capital,DF
70998,-14.83322598053066,-47.28836621647804,centro,DF
20401,-16.092945345895917,-47.72163851686001,interior,DF
49763,-15.76678399373343,-46.1652401170606,centro,DF
65718,-15.020385551739482,-46.02730722552178,centro,DF
69439,-15.543378002206085,-49.05077525266641,interior,DF
37287,-15.200221997331461,-46.54770320695697,zona norte,DF
21069,-16.64230467759183,-48.12181544291556,capital,DF
51786,-14.206629940572856,-47.5244050065337,zona norte,DF
29673,-17.54262266756623,-45.93442926632351,centro,DF
19416,-16.198629248627533,-47.17285150831751,zona norte,DF
44125,-16.220300720000797,-48.79352764771158,centro,DF
52784,-15.253018479525782,-48.15401729830968,zona norte,DF
85428,-17.241113039776412,-47.57484447864997,capital,DF
76732,-14.787244549272565,-46.01097196989185,capital,DF
19424,-14.850357905819736,-48.742252567448176,capital,DF
91891,-16.888898083098727,-48.77283863678207,zona sul,DF
19185,-15.732056278505176,-47.777385366585555,interior,DF
35796,-16.964510346042356,-46.66095448127027,zona sul,DF
93775,-13.960150423797577,-47.24067371592525,zona sul,DF
69348,-17.120946219812804,-46.37318861281996,capital,DF
50676,-14.587344232976623,-47.21341710914896,zona norte,DF
93906,-17.594099019760925,-47.03856957122672,zona norte,DF
