product_id,product_category_name,product_name_lenght,product_description_lenght,product_photos_qty,product_weight_g,product_length_cm,product_height_cm,product_width_cm
PROD000001,esporte_lazer,44,607,6,8352.0,89,18,65
PROD000002,moveis_decoracao,22,935,3,7338.0,50,8,43
PROD000003,ferramentas_jardim,65,750,1,23465.0,13,48,59
PROD000004,livros_tecnicos,43,304,5,6126.0,11,46,40
PROD000005,perfumaria,53,480,7,28623.0,76,40,41
PROD000006,cama_mesa_banho,65,1196,7,23093.0,30,49,18
PROD000007,perfumaria,41,1639,4,10582.0,79,17,31
PROD000008,esporte_lazer,30,1199,3,13901.0,52,22,35
PROD000009,relogios_presentes,67,1964,1,16220.0,91,37,77
PROD000010,automotivo,27,176,4,15680.0,78,25,48
PROD000011,malas_acessorios,58,915,5,8764.0,18,20,72
PROD000012,esporte_lazer,62,867,6,17442.0,93,19,52
PROD000013,construcao_ferramentas,54,509,3,25208.0,37,9,61
PROD000014,papelaria,68,1737,6,593.0,35,10,79
PROD000015,eletroportateis,65,205,1,23526.0,91,42,26
PROD000016,cama_mesa_banho,57,1968,6,16565.0,92,7,8
PROD000017,cama_mesa_banho,27,650,6,7099.0,12,16,76
PROD000018,alimentos,56,1599,1,29650.0,82,40,50
PROD000019,,46,925,1,13933.0,58,37,63
PROD000020,livros_tecnicos,47,1398,3,3070.0,26,40,38
PROD000021,relogios_presentes,59,187,6,111.0,72,37,15
PROD000022,fashion_roupa_masculina,53,1846,4,24308.0,64,35,35
PROD000023,relogios_presentes,51,980,1,29220.0,32,25,15
PROD000024,relogios_presentes,34,1200,5,15651.0,43,31,60
PROD000025,,63,1200,6,17245.0,78,31,42
PROD000026,malas_acessorios,36,1565,1,3285.0,24,12,25
PROD000027,,52,639,4,16509.0,56,41,14
PROD000028,alimentos,66,344,7,1906.0,12,36,30
PROD000029,ferramentas_jardim,65,677,3,23135.0,92,30,12
PROD000030,utilidades_domesticas,35,1901,6,5764.0,37,6,12
PROD000031,alimentos,48,1505,7,28833.0,12,16,64
PROD000032,malas_acessorios,28,1081,1,29000.0,13,26,76
PROD000033,beleza_saude,52,816,1,14226.0,97,21,38
PROD000034,construcao_ferramentas,68,1693,5,12994.0,40,11,20
PROD000035,fashion_roupa_feminina,48,1836,5,5254.0,54,47,17
PROD000036,utilidades_domesticas,32,1860,6,22308.0,68,8,26
PROD000037,cama_mesa_banho,40,241,7,13867.0,54,41,31
PROD000038,construcao_ferramentas,40,992,7,20143.0,84,42,68
PROD000039,relogios_presentes,24,1491,1,15326.0,46,36,6
PROD000040,utilidades_domesticas,29,1207,6,1625.0,74,15,30
PROD000041,telefonia,25,1266,1,860.0,18,5,73
PROD000042,brinquedos,32,451,5,17078.0,26,29,34
PROD000043,fashion_roupa_feminina,20,644,4,23676.0,74,46,12
PROD000044,brinquedos,39,1012,2,13980.0,12,28,42
PROD000045,papelaria,66,251,2,1155.0,35,47,65
PROD000046,eletroportateis,65,1281,1,10146.0,62,21,69
PROD000047,construcao_ferramentas,27,1569,7,3183.0,40,12,71
PROD000048,beleza_saude,29,752,5,15778.0,35,49,50
PROD000049,papelaria,28,1057,3,12208.0,32,31,76
PROD000050,relogios_presentes,68,862,3,20159.0,39,22,47
PROD000051,moveis_decoracao,60,1426,2,26724.0,19,31,63
PROD000052,esporte_lazer,22,723,4,9750.0,81,26,50
PROD000053,esporte_lazer,30,755,2,6057.0,98,20,76
PROD000054,perfumaria,31,549,1,5355.0,73,6,39
PROD000055,automotivo,29,820,4,9511.0,31,9,43
PROD000056,papelaria,44,1347,3,20712.0,24,22,55
PROD000057,utilidades_domesticas,68,142,7,16444.0,65,7,8
PROD000058,cama_mesa_banho,68,363,5,20665.0,83,31,55
PROD000059,perfumaria,44,1879,5,9791.0,29,21,9
PROD000060,malas_acessorios,30,1126,1,18314.0,56,20,59
PROD000061,perfumaria,55,1760,2,3495.0,96,10,24
PROD000062,cama_mesa_banho,58,1391,1,1303.0,62,11,28
PROD000063,brinquedos,45,695,5,28946.0,62,18,40
PROD000064,fashion_roupa_feminina,33,1139,3,19294.0,10,42,38
PROD000065,relogios_presentes,58,1457,5,19576.0,11,44,58
PROD000066,utilidades_domesticas,59,1587,4,3144.0,67,19,38
PROD000067,esporte_lazer,20,1182,7,22555.0,28,37,21
PROD000068,fashion_roupa_feminina,23,1112,7,7372.0,71,47,9
PROD000069,papelaria,49,276,6,21157.0,87,31,22
PROD000070,,31,162,5,3614.0,81,33,59
PROD000071,automotivo,54,1057,5,10090.0,21,41,57
PROD000072,telefonia,32,1102,7,6292.0,35,9,54
PROD000073,cama_mesa_banho,50,660,6,10867.0,36,33,76
PROD000074,informatica_acessorios,57,1430,4,16628.0,38,36,49
PROD000075,moveis_decoracao,62,1369,2,7607.0,24,10,17
PROD000076,malas_acessorios,42,1412,5,4957.0,55,6,20
PROD000077,livros_tecnicos,23,1921,7,12218.0,10,10,17
PROD000078,beleza_saude,35,1054,1,17861.0,69,47,24
PROD000079,relogios_presentes,26,1455,5,3246.0,66,8,70
PROD000080,livros_tecnicos,41,1650,1,26501.0,12,33,51
PROD000081,beleza_saude,48,949,4,21508.0,27,29,23
PROD000082,cama_mesa_banho,30,1378,5,17277.0,61,13,49
PROD000083,relogios_presentes,52,703,7,26277.0,69,7,41
PROD000084,fashion_roupa_masculina,48,1633,4,5856.0,43,30,58
PROD000085,esporte_lazer,58,1914,4,4514.0,98,47,10
PROD000086,informatica_acessorios,31,1841,2,17594.0,69,31,18
PROD000087,livros_tecnicos,26,705,5,22156.0,35,40,8
PROD000088,fashion_roupa_feminina,58,1860,1,20537.0,81,36,59
PROD000089,construcao_ferramentas,61,1936,1,29469.0,28,5,38
PROD000090,beleza_saude,67,929,5,4037.0,31,20,31
PROD000091,moveis_decoracao,45,1586,6,4063.0,42,15,11
PROD000092,moveis_decoracao,59,1322,2,21426.0,47,30,7
PROD000093,cama_mesa_banho,28,1394,2,5997.0,44,44,51
PROD000094,beleza_saude,60,845,2,9074.0,76,5,6
PROD000095,livros_tecnicos,53,657,1,14477.0,92,30,29
PROD000096,relogios_presentes,64,163,4,17600.0,19,32,64
PROD000097,malas_acessorios,32,1353,7,16156.0,24,13,28
PROD000098,moveis_decoracao,55,1041,6,1850.0,20,48,19
PROD000099,telefonia,44,348,2,27252.0,99,26,18
PROD000100,esporte_lazer,43,1369,1,4127.0,33,12,58
PROD000101,construcao_ferramentas,63,1039,1,11628.0,86,46,10
PROD000102,eletroportateis,36,1710,4,5845.0,13,31,22
PROD000103,brinquedos,21,256,5,29063.0,22,43,24
PROD000104,utilidades_domesticas,32,834,5,21548.0,82,23,66
PROD000105,automotivo,50,1825,7,9779.0,66,29,44
PROD000106,esporte_lazer,48,1084,7,28551.0,46,42,43
PROD000107,esporte_lazer,69,1687,2,28307.0,57,25,56
PROD000108,relogios_presentes,47,1211,7,6038.0,80,28,36
PROD000109,brinquedos,46,1436,2,28868.0,10,28,77
PROD000110,construcao_ferramentas,34,1974,6,12250.0,69,23,31
PROD000111,eletroportateis,50,1189,7,13506.0,21,6,56
PROD000112,informatica_acessorios,59,761,4,19881.0,30,18,67
PROD000113,alimentos,34,1143,2,24749.0,20,36,78
PROD000114,fashion_roupa_feminina,52,132,4,17843.0,53,46,67
PROD000115,relogios_presentes,39,1963,1,25767.0,67,36,21
PROD000116,papelaria,61,1916,2,4953.0,53,32,53
PROD000117,alimentos,31,657,1,18425.0,87,43,27
PROD000118,moveis_decoracao,56,172,3,3248.0,43,44,76
PROD000119,brinquedos,28,1989,4,28979.0,34,46,17
PROD000120,utilidades_domesticas,42,924,3,16343.0,13,44,27
PROD000121,fashion_roupa_masculina,27,1466,2,8033.0,73,17,61
PROD000122,perfumaria,51,1256,1,9536.0,99,16,66
PROD000123,relogios_presentes,67,1178,2,17769.0,25,12,58
PROD000124,eletroportateis,33,160,3,29181.0,19,19,24
PROD000125,ferramentas_jardim,46,1980,2,6574.0,75,30,56
PROD000126,utilidades_domesticas,44,1643,6,14779.0,44,16,27
PROD000127,fashion_roupa_feminina,32,371,5,11328.0,92,47,39
PROD000128,papelaria,40,345,3,870.0,15,31,71
PROD000129,beleza_saude,64,1299,2,1943.0,28,22,38
PROD000130,papelaria,50,727,1,173.0,68,49,37
PROD000131,utilidades_domesticas,56,1440,2,18144.0,62,40,50
PROD000132,moveis_decoracao,67,1906,1,16159.0,17,31,49
PROD000133,malas_acessorios,62,804,5,20833.0,87,13,23
PROD000134,fashion_roupa_feminina,24,761,2,23586.0,19,43,19
PROD000135,perfumaria,32,1254,7,8100.0,76,5,70
PROD000136,papelaria,47,1225,7,25495.0,47,11,43
PROD000137,livros_tecnicos,62,409,5,20302.0,38,30,22
PROD000138,esporte_lazer,44,1905,3,13373.0,24,11,74
PROD000139,relogios_presentes,54,1415,1,,96,11,63
PROD000140,relogios_presentes,66,1845,7,431.0,32,12,36
PROD000141,fashion_roupa_masculina,58,594,6,17905.0,91,20,25
PROD000142,livros_tecnicos,26,1484,3,7612.0,55,7,44
PROD000143,ferramentas_jardim,57,437,1,28331.0,92,49,31
PROD000144,ferramentas_jardim,51,678,5,23374.0,37,14,6
PROD000145,beleza_saude,22,109,7,5031.0,35,11,43
PROD000146,cama_mesa_banho,64,148,4,26367.0,19,25,60
PROD000147,relogios_presentes,58,1610,2,12842.0,56,41,17
PROD000148,ferramentas_jardim,56,722,5,22509.0,13,35,60
PROD000149,telefonia,69,1444,1,13526.0,64,27,70
PROD000150,malas_acessorios,41,830,1,20892.0,75,31,60
PROD000151,ferramentas_jardim,27,1692,1,5213.0,76,26,32
PROD000152,fashion_roupa_masculina,36,894,1,8519.0,16,43,68
PROD000153,construcao_ferramentas,46,1070,2,2981.0,64,31,75
PROD000154,papelaria,52,1748,3,13245.0,89,8,68
PROD000155,automotivo,65,232,6,13656.0,40,28,60
PROD000156,fashion_roupa_feminina,36,1706,4,19349.0,83,27,45
PROD000157,,61,182,2,29789.0,28,23,45
PROD000158,papelaria,31,156,1,2675.0,37,46,8
PROD000159,informatica_acessorios,67,475,2,29721.0,90,7,61
PROD000160,malas_acessorios,65,448,5,12814.0,37,31,34
PROD000161,perfumaria,46,370,6,6285.0,28,7,50
PROD000162,utilidades_domesticas,67,1606,1,8756.0,96,32,60
PROD000163,cama_mesa_banho,27,210,4,5841.0,29,21,35
PROD000164,automotivo,42,968,1,16761.0,22,35,11
PROD000165,ferramentas_jardim,61,986,6,28790.0,86,14,58
PROD000166,papelaria,68,175,4,165.0,52,26,12
PROD000167,,48,1281,6,4362.0,20,34,59
PROD000168,papelaria,69,1655,4,5804.0,57,25,73
PROD000169,relogios_presentes,39,1766,3,15455.0,24,40,48
PROD000170,fashion_roupa_masculina,35,428,7,8694.0,26,27,17
PROD000171,,36,221,3,12275.0,63,42,24
PROD000172,automotivo,35,140,2,24473.0,59,16,36
PROD000173,perfumaria,38,1290,2,12796.0,37,29,64
PROD000174,telefonia,27,1021,4,,92,24,54
PROD000175,alimentos,57,741,1,7541.0,13,46,31
PROD000176,livros_tecnicos,57,1146,7,28154.0,31,11,29
PROD000177,ferramentas_jardim,48,378,5,28120.0,95,33,56
PROD000178,utilidades_domesticas,60,862,5,21176.0,48,33,72
PROD000179,brinquedos,55,568,1,15086.0,43,17,25
PROD000180,cama_mesa_banho,45,1523,1,13450.0,53,7,22
PROD000181,,50,108,3,14540.0,51,6,43
PROD000182,informatica_acessorios,63,112,5,20903.0,49,20,19
PROD000183,automotivo,31,1023,4,8060.0,21,34,57
PROD000184,fashion_roupa_masculina,36,1022,6,22562.0,11,42,42
PROD000185,esporte_lazer,34,1942,2,,37,10,52
PROD000186,automotivo,28,1955,6,17921.0,83,49,56
PROD000187,beleza_saude,58,1175,3,25104.0,95,11,76
PROD000188,brinquedos,61,1332,5,27358.0,90,9,32
PROD000189,brinquedos,67,1673,7,27453.0,99,11,20
PROD000190,malas_acessorios,31,1735,1,23516.0,76,38,20
PROD000191,moveis_decoracao,51,1828,7,29856.0,80,36,39
PROD000192,relogios_presentes,44,1525,7,22215.0,81,17,21
PROD000193,relogios_presentes,58,1314,5,19862.0,93,34,77
PROD000194,esporte_lazer,37,1174,4,13765.0,85,29,56
PROD000195,construcao_ferramentas,34,1516,3,25068.0,90,25,16
PROD000196,esporte_lazer,51,752,1,22831.0,19,25,52
PROD000197,eletroportateis,25,1803,6,22885.0,95,32,26
PROD000198,utilidades_domesticas,63,1946,4,6729.0,66,24,53
PROD000199,malas_acessorios,62,720,6,13928.0,95,38,56
PROD000200,cama_mesa_banho,54,1842,2,4641.0,46,9,5
PROD000201,papelaria,53,1423,3,7976.0,86,22,70
PROD000202,malas_acessorios,57,1745,4,29975.0,73,43,68
PROD000203,beleza_saude,24,295,4,13411.0,88,47,12
PROD000204,beleza_saude,37,516,6,25017.0,95,15,29
PROD000205,alimentos,35,763,1,24808.0,49,21,70
PROD000206,beleza_saude,27,1543,2,14688.0,69,49,77
PROD000207,malas_acessorios,44,1878,6,16748.0,57,26,77
PROD000208,perfumaria,51,1763,4,12480.0,28,41,74
PROD000209,automotivo,45,1740,3,9977.0,81,24,55
PROD000210,fashion_roupa_feminina,41,1645,4,17918.0,42,10,57
PROD000211,moveis_decoracao,50,1479,5,21811.0,53,38,19
PROD000212,fashion_roupa_masculina,62,247,3,5197.0,46,18,54
PROD000213,livros_tecnicos,29,1100,3,18144.0,98,27,75
PROD000214,eletroportateis,31,1488,4,28493.0,45,24,79
PROD000215,perfumaria,47,463,1,22176.0,90,17,42
PROD000216,perfumaria,25,1775,3,18838.0,97,48,44
PROD000217,beleza_saude,39,1825,5,24941.0,30,45,70
PROD000218,brinquedos,24,501,6,29417.0,11,36,43
PROD000219,moveis_decoracao,42,705,1,6561.0,40,30,78
PROD000220,informatica_acessorios,28,1615,1,25812.0,39,18,21
PROD000221,papelaria,48,328,1,7144.0,85,40,11
PROD000222,ferramentas_jardim,35,1698,3,5597.0,53,12,43
PROD000223,papelaria,65,1975,1,21033.0,21,44,72
PROD000224,alimentos,41,636,4,22818.0,60,26,39
PROD000225,telefonia,27,367,1,22494.0,58,26,55
PROD000226,fashion_roupa_feminina,39,1528,5,13851.0,33,20,51
PROD000227,papelaria,33,1916,2,29982.0,33,31,40
PROD000228,fashion_roupa_feminina,58,1134,5,21410.0,69,14,68
PROD000229,esporte_lazer,56,1443,3,26066.0,20,29,17
PROD000230,livros_tecnicos,69,1836,1,9404.0,22,35,22
PROD000231,beleza_saude,53,225,1,10526.0,81,25,25
PROD000232,fashion_roupa_feminina,30,405,4,11158.0,83,31,69
PROD000233,telefonia,59,1825,6,22549.0,81,21,12
PROD000234,informatica_acessorios,52,1634,1,11360.0,73,37,52
PROD000235,livros_tecnicos,50,1212,7,18663.0,29,35,47
PROD000236,utilidades_domesticas,63,1478,5,21451.0,81,46,57
PROD000237,moveis_decoracao,53,727,3,,82,30,31
PROD000238,perfumaria,69,1475,2,20115.0,80,25,23
PROD000239,brinquedos,26,788,1,26075.0,87,40,27
PROD000240,livros_tecnicos,68,1137,2,29462.0,37,5,54
PROD000241,construcao_ferramentas,42,1380,1,27415.0,11,8,55
PROD000242,esporte_lazer,65,1332,3,27846.0,52,8,47
PROD000243,cama_mesa_banho,26,380,6,10157.0,17,30,55
PROD000244,automotivo,44,542,5,13445.0,22,8,73
PROD000245,brinquedos,22,1963,3,10247.0,94,13,45
PROD000246,construcao_ferramentas,57,936,2,21161.0,44,34,76
PROD000247,cama_mesa_banho,39,488,1,18702.0,32,49,15
PROD000248,cama_mesa_banho,53,716,2,1489.0,55,8,56
PROD000249,moveis_decoracao,68,1606,5,13171.0,24,9,27
PROD000250,eletroportateis,63,246,7,11422.0,11,49,53
PROD000251,cama_mesa_banho,63,1402,3,4376.0,70,27,42
PROD000252,alimentos,49,620,2,12406.0,85,20,51
PROD000253,beleza_saude,36,729,2,1349.0,73,26,76
PROD000254,utilidades_domesticas,29,1729,5,24124.0,61,41,11
PROD000255,papelaria,54,533,7,27842.0,45,12,70
PROD000256,,39,243,1,22196.0,76,37,66
PROD000257,esporte_lazer,37,388,7,17729.0,78,42,33
PROD000258,automotivo,64,1509,2,8345.0,76,47,42
PROD000259,cama_mesa_banho,63,113,5,11202.0,56,20,37
PROD000260,informatica_acessorios,46,356,1,16326.0,92,9,33
PROD000261,malas_acessorios,68,1469,7,10688.0,11,20,27
PROD000262,construcao_ferramentas,55,1821,7,542.0,53,11,7
PROD000263,informatica_acessorios,42,1468,7,7076.0,73,5,49
PROD000264,perfumaria,51,1523,6,4775.0,90,13,12
PROD000265,beleza_saude,29,1330,1,11903.0,87,22,33
PROD000266,moveis_decoracao,30,957,7,8053.0,37,49,6
PROD000267,papelaria,57,1042,6,4477.0,63,7,54
PROD000268,informatica_acessorios,25,1295,3,10699.0,83,28,69
PROD000269,papelaria,60,563,5,7158.0,76,32,24
PROD000270,,66,369,7,17306.0,45,14,56
PROD000271,beleza_saude,53,1344,1,11994.0,72,13,41
PROD000272,utilidades_domesticas,55,1275,6,3039.0,34,17,76
PROD000273,telefonia,56,722,6,23580.0,95,39,31
PROD000274,livros_tecnicos,36,1306,3,22249.0,57,27,51
PROD000275,perfumaria,59,1522,4,29412.0,48,21,10
PROD000276,malas_acessorios,59,1974,5,1131.0,56,11,64
PROD000277,utilidades_domesticas,31,171,4,10308.0,30,20,49
PROD000278,informatica_acessorios,40,1541,1,662.0,39,44,48
PROD000279,informatica_acessorios,59,1406,5,10830.0,40,40,22
PROD000280,informatica_acessorios,38,173,3,,35,24,69
PROD000281,informatica_acessorios,22,454,1,21051.0,31,28,29
PROD000282,malas_acessorios,37,1850,5,16252.0,30,9,31
PROD000283,construcao_ferramentas,38,596,5,14098.0,10,49,11
PROD000284,construcao_ferramentas,66,1451,4,24346.0,46,10,48
PROD000285,papelaria,25,1087,1,28451.0,86,32,33
PROD000286,automotivo,35,1658,3,18780.0,94,9,48
PROD000287,construcao_ferramentas,27,679,3,16718.0,55,43,40
PROD000288,esporte_lazer,67,1009,1,21686.0,18,42,23
PROD000289,informatica_acessorios,37,1570,1,9408.0,26,6,10
PROD000290,eletroportateis,67,472,6,26584.0,56,47,29
PROD000291,cama_mesa_banho,62,461,2,9709.0,94,43,35
PROD000292,fashion_roupa_feminina,58,192,4,29595.0,68,25,13
PROD000293,cama_mesa_banho,68,1444,1,17775.0,63,44,78
PROD000294,alimentos,68,423,1,28164.0,95,41,41
PROD000295,papelaria,31,483,2,21211.0,21,22,31
PROD000296,telefonia,64,674,2,28330.0,73,16,17
PROD000297,automotivo,29,835,5,8820.0,15,21,45
PROD000298,fashion_roupa_masculina,26,836,7,28000.0,62,41,70
PROD000299,alimentos,65,445,3,10272.0,25,42,28
PROD000300,utilidades_domesticas,20,1972,4,14557.0,99,19,48
PROD000301,esporte_lazer,68,1226,5,3039.0,14,11,64
PROD000302,malas_acessorios,55,1338,1,14445.0,82,18,13
PROD000303,papelaria,40,1315,2,16258.0,55,5,6
PROD000304,fashion_roupa_masculina,56,1795,6,5535.0,23,42,60
PROD000305,fashion_roupa_masculina,43,818,3,23465.0,53,7,34
PROD000306,beleza_saude,44,880,5,5492.0,72,41,26
PROD000307,moveis_decoracao,26,1119,6,26005.0,61,48,79
PROD000308,cama_mesa_banho,61,1317,3,8072.0,35,35,17
PROD000309,fashion_roupa_feminina,36,1503,7,17717.0,62,47,75
PROD000310,telefonia,48,1526,7,26429.0,38,17,20
PROD000311,malas_acessorios,49,763,6,19284.0,28,22,49
PROD000312,esporte_lazer,26,1872,2,27609.0,56,21,69
PROD000313,telefonia,52,699,5,14899.0,17,21,15
PROD000314,automotivo,26,110,5,27435.0,32,15,74
PROD000315,telefonia,43,286,7,19259.0,44,24,24
PROD000316,utilidades_domesticas,30,825,3,15152.0,62,14,67
PROD000317,construcao_ferramentas,28,1138,6,6144.0,67,33,16
PROD000318,papelaria,31,877,2,19971.0,14,38,66
PROD000319,informatica_acessorios,54,1420,1,23867.0,25,21,46
PROD000320,eletroportateis,23,510,5,14515.0,26,46,73
PROD000321,cama_mesa_banho,55,1055,1,20334.0,41,17,62
PROD000322,fashion_roupa_masculina,47,684,2,27203.0,61,48,9
PROD000323,eletroportateis,32,1175,7,21481.0,29,43,31
PROD000324,moveis_decoracao,42,1763,5,17374.0,75,31,32
PROD000325,utilidades_domesticas,38,1151,5,13958.0,93,30,30
PROD000326,alimentos,61,676,6,22404.0,91,32,53
PROD000327,brinquedos,56,1140,1,26741.0,10,17,25
PROD000328,brinquedos,58,1474,7,17672.0,67,16,5
PROD000329,livros_tecnicos,43,1551,6,5744.0,92,48,62
PROD000330,alimentos,35,1773,4,28973.0,53,32,59
PROD000331,utilidades_domesticas,52,1954,1,17224.0,15,6,30
PROD000332,perfumaria,31,1352,1,,59,41,29
PROD000333,brinquedos,53,1889,4,26065.0,81,38,37
PROD000334,automotivo,26,1088,2,18484.0,97,27,76
PROD000335,alimentos,30,1333,2,17955.0,29,49,73
PROD000336,beleza_saude,50,1554,5,18020.0,23,33,10
PROD000337,informatica_acessorios,48,1417,3,16802.0,14,39,27
PROD000338,informatica_acessorios,32,842,6,26940.0,50,15,34
PROD000339,construcao_ferramentas,50,1876,3,5253.0,49,37,58
PROD000340,automotivo,21,1705,5,1994.0,43,15,15
PROD000341,construcao_ferramentas,58,1227,3,28387.0,89,13,35
PROD000342,fashion_roupa_masculina,34,303,1,29495.0,54,18,10
PROD000343,fashion_roupa_feminina,30,1176,1,27498.0,80,13,15
PROD000344,relogios_presentes,53,1073,4,8091.0,89,43,16
PROD000345,brinquedos,58,1039,4,,80,7,70
PROD000346,fashion_roupa_feminina,23,1498,5,29184.0,36,33,57
PROD000347,informatica_acessorios,30,1965,5,9567.0,87,23,40
PROD000348,construcao_ferramentas,48,1177,7,27759.0,87,40,21
PROD000349,construcao_ferramentas,21,1399,5,25076.0,53,36,32
PROD000350,alimentos,35,1458,1,6035.0,42,11,26
PROD000351,eletroportateis,58,1154,3,17207.0,42,32,11
PROD000352,cama_mesa_banho,32,1258,6,2429.0,53,48,19
PROD000353,papelaria,56,1181,7,9427.0,29,22,15
PROD000354,livros_tecnicos,36,204,7,2870.0,45,9,28
PROD000355,,40,1389,7,24029.0,16,27,71
PROD000356,moveis_decoracao,63,1645,5,4946.0,41,26,34
PROD000357,telefonia,38,1619,5,16751.0,76,30,74
PROD000358,construcao_ferramentas,26,352,1,16376.0,48,46,70
PROD000359,brinquedos,57,394,6,14733.0,33,16,65
PROD000360,relogios_presentes,27,767,1,13728.0,95,44,45
PROD000361,perfumaria,32,1281,6,669.0,79,23,55
PROD000362,brinquedos,56,648,1,27232.0,97,5,48
PROD000363,construcao_ferramentas,21,730,3,2073.0,96,7,17
PROD000364,malas_acessorios,60,1190,5,25221.0,63,31,16
PROD000365,papelaria,30,1877,2,2922.0,47,22,13
PROD000366,relogios_presentes,43,398,2,20944.0,83,34,52
PROD000367,perfumaria,25,1586,5,29318.0,89,6,53
PROD000368,,45,1848,7,370.0,84,9,57
PROD000369,fashion_roupa_masculina,26,1943,5,16420.0,41,33,60
PROD000370,beleza_saude,58,200,5,7741.0,54,37,44
PROD000371,malas_acessorios,38,1179,5,9030.0,70,46,28
PROD000372,utilidades_domesticas,25,431,7,6780.0,79,24,76
PROD000373,ferramentas_jardim,62,935,6,1357.0,97,34,37
PROD000374,eletroportateis,48,1874,3,8350.0,62,46,27
PROD000375,esporte_lazer,62,492,2,5470.0,60,9,58
PROD000376,eletroportateis,58,1866,4,28857.0,85,25,57
PROD000377,utilidades_domesticas,21,973,2,4958.0,65,19,53
PROD000378,utilidades_domesticas,38,480,2,8681.0,36,24,53
PROD000379,perfumaria,23,191,7,13591.0,47,12,64
PROD000380,automotivo,25,1914,1,25394.0,71,35,69
PROD000381,brinquedos,68,546,5,23483.0,27,16,36
PROD000382,beleza_saude,56,208,5,12536.0,73,25,25
PROD000383,moveis_decoracao,47,416,5,12970.0,86,34,22
PROD000384,construcao_ferramentas,49,1291,1,16604.0,39,31,64
PROD000385,eletroportateis,26,1935,7,7008.0,58,48,17
PROD000386,moveis_decoracao,28,1558,3,10944.0,50,30,28
PROD000387,automotivo,44,541,3,18787.0,22,37,34
PROD000388,esporte_lazer,52,317,7,4961.0,43,30,6
PROD000389,moveis_decoracao,20,1345,4,3011.0,34,30,29
PROD000390,fashion_roupa_masculina,25,772,3,9091.0,75,40,54
PROD000391,informatica_acessorios,37,1651,7,11672.0,27,44,18
PROD000392,telefonia,29,377,3,10398.0,14,5,10
PROD000393,perfumaria,47,1108,5,29793.0,28,19,34
PROD000394,cama_mesa_banho,30,668,6,7336.0,51,5,34
PROD000395,eletroportateis,52,1697,7,5665.0,27,15,42
PROD000396,moveis_decoracao,20,1109,2,23015.0,41,6,62
PROD000397,automotivo,32,974,3,17593.0,30,5,45
PROD000398,esporte_lazer,56,565,3,7029.0,19,35,61
PROD000399,automotivo,39,938,1,17734.0,46,48,40
PROD000400,eletroportateis,20,853,4,27316.0,58,20,68
PROD000401,eletroportateis,22,1725,6,24661.0,95,26,20
PROD000402,fashion_roupa_feminina,37,1707,1,18133.0,22,46,76
PROD000403,esporte_lazer,60,937,5,7451.0,64,22,18
PROD000404,construcao_ferramentas,33,129,2,22395.0,26,21,35
PROD000405,perfumaria,50,458,4,26021.0,18,34,70
PROD000406,fashion_roupa_masculina,46,1411,1,19440.0,97,14,72
PROD000407,utilidades_domesticas,36,185,7,15001.0,53,39,69
PROD000408,brinquedos,65,1357,3,10738.0,87,25,59
PROD000409,eletroportateis,48,846,3,5928.0,55,20,44
PROD000410,brinquedos,55,412,4,21478.0,17,10,29
PROD000411,livros_tecnicos,56,464,3,11656.0,46,7,29
PROD000412,esporte_lazer,45,1900,7,22920.0,28,45,7
PROD000413,utilidades_domesticas,36,1922,1,25160.0,72,47,73
PROD000414,cama_mesa_banho,41,1962,1,24098.0,55,25,30
PROD000415,relogios_presentes,44,1004,3,25478.0,80,17,44
PROD000416,moveis_decoracao,21,1392,3,18199.0,35,22,42
PROD000417,perfumaria,41,797,5,8250.0,55,28,42
PROD000418,moveis_decoracao,24,230,2,10207.0,55,31,72
PROD000419,relogios_presentes,23,902,4,19967.0,84,8,11
PROD000420,livros_tecnicos,55,888,1,24159.0,23,26,34
PROD000421,alimentos,25,1955,4,1857.0,94,28,23
PROD000422,brinquedos,40,450,5,18293.0,72,44,39
PROD000423,eletroportateis,32,279,1,22023.0,81,49,37
PROD000424,alimentos,56,1925,5,22532.0,12,14,37
PROD000425,informatica_acessorios,44,1603,5,11299.0,37,6,42
PROD000426,esporte_lazer,45,1286,6,27901.0,38,44,14
PROD000427,livros_tecnicos,58,1906,3,28171.0,96,10,61
PROD000428,cama_mesa_banho,39,1219,7,26996.0,27,22,32
PROD000429,esporte_lazer,52,873,6,16395.0,44,21,42
PROD000430,construcao_ferramentas,33,609,4,26346.0,86,42,20
PROD000431,informatica_acessorios,55,464,7,12907.0,85,49,25
PROD000432,ferramentas_jardim,36,1080,4,17635.0,56,27,10
PROD000433,malas_acessorios,40,452,3,5592.0,14,34,45
PROD000434,fashion_roupa_masculina,65,899,7,23195.0,84,25,19
PROD000435,eletroportateis,35,1559,6,6402.0,68,14,7
PROD000436,construcao_ferramentas,65,1206,4,16029.0,84,47,47
PROD000437,livros_tecnicos,35,1348,6,4847.0,68,17,51
PROD000438,ferramentas_jardim,39,511,3,26899.0,56,16,18
PROD000439,esporte_lazer,48,834,7,14338.0,22,13,70
PROD000440,fashion_roupa_feminina,47,1080,7,27343.0,87,8,33
PROD000441,automotivo,27,217,1,8502.0,98,43,8
PROD000442,telefonia,43,581,5,10786.0,42,28,30
PROD000443,malas_acessorios,22,291,5,4781.0,71,38,16
PROD000444,ferramentas_jardim,44,690,6,28938.0,88,43,6
PROD000445,telefonia,38,689,7,18991.0,25,45,21
PROD000446,utilidades_domesticas,52,758,4,19447.0,53,9,39
PROD000447,livros_tecnicos,21,206,6,3528.0,67,19,14
PROD000448,fashion_roupa_feminina,34,481,6,28051.0,15,8,47
PROD000449,ferramentas_jardim,41,882,2,7594.0,98,43,25
PROD000450,telefonia,29,489,7,4055.0,24,12,19
PROD000451,ferramentas_jardim,37,343,5,29977.0,13,49,39
PROD000452,telefonia,41,684,7,20189.0,65,28,64
PROD000453,construcao_ferramentas,65,968,3,28081.0,73,32,48
PROD000454,brinquedos,68,567,6,,77,47,9
PROD000455,cama_mesa_banho,46,965,2,20522.0,43,31,77
PROD000456,automotivo,32,1033,2,9344.0,65,5,22
PROD000457,beleza_saude,52,1661,5,813.0,41,38,25
PROD000458,telefonia,24,1333,5,23744.0,18,21,76
PROD000459,utilidades_domesticas,45,703,5,11180.0,72,41,78
PROD000460,telefonia,32,1760,3,23495.0,81,42,55
PROD000461,beleza_saude,46,1114,2,25363.0,87,30,45
PROD000462,fashion_roupa_feminina,33,1196,4,8621.0,42,28,28
PROD000463,papelaria,43,1758,3,1846.0,96,43,28
PROD000464,cama_mesa_banho,22,1432,1,17691.0,30,25,42
PROD000465,eletroportateis,66,1819,6,26818.0,64,34,48
PROD000466,ferramentas_jardim,68,1822,5,17268.0,85,17,61
PROD000467,utilidades_domesticas,49,1833,2,2796.0,66,41,63
PROD000468,brinquedos,54,1713,6,12112.0,11,7,38
PROD000469,utilidades_domesticas,67,959,7,14788.0,22,36,79
PROD000470,alimentos,33,1309,3,23557.0,13,39,27
PROD000471,utilidades_domesticas,31,1979,1,5136.0,93,23,47
PROD000472,fashion_roupa_feminina,47,1376,7,7227.0,59,18,44
PROD000473,perfumaria,63,112,3,3818.0,57,26,51
PROD000474,beleza_saude,48,398,3,22259.0,87,21,45
PROD000475,livros_tecnicos,62,1199,4,8010.0,39,8,51
PROD000476,beleza_saude,36,1174,6,2793.0,38,49,24
PROD000477,livros_tecnicos,59,886,4,17109.0,17,44,69
PROD000478,construcao_ferramentas,68,248,3,15958.0,21,23,72
PROD000479,construcao_ferramentas,40,1854,1,28910.0,50,41,28
PROD000480,papelaria,42,221,2,20192.0,35,6,40
PROD000481,perfumaria,39,1334,2,23343.0,59,19,49
PROD000482,cama_mesa_banho,30,1403,7,16032.0,11,6,6
PROD000483,beleza_saude,53,637,6,25437.0,64,15,32
PROD000484,papelaria,29,1808,5,7792.0,65,49,30
PROD000485,beleza_saude,29,1279,5,28655.0,23,27,27
PROD000486,alimentos,62,1361,2,6498.0,15,14,40
PROD000487,relogios_presentes,25,475,3,7352.0,90,7,10
PROD000488,esporte_lazer,55,181,3,11821.0,98,9,39
PROD000489,alimentos,43,591,4,18039.0,70,7,42
PROD000490,relogios_presentes,31,455,6,11925.0,21,42,39
PROD000491,fashion_roupa_masculina,62,1024,4,25351.0,22,17,78
PROD000492,construcao_ferramentas,42,1396,5,4287.0,28,46,57
PROD000493,relogios_presentes,46,1703,2,24251.0,53,23,42
PROD000494,brinquedos,64,1167,7,29864.0,98,44,63
PROD000495,construcao_ferramentas,56,1104,3,136.0,68,39,47
PROD000496,automotivo,25,1696,2,28512.0,46,28,8
PROD000497,ferramentas_jardim,20,222,1,18271.0,34,28,9
PROD000498,brinquedos,25,1472,2,6383.0,25,21,72
PROD000499,alimentos,69,807,1,15302.0,47,44,49
PROD000500,relogios_presentes,41,429,4,8160.0,52,14,29
PROD000501,fashion_roupa_masculina,60,1532,4,27403.0,96,6,15
PROD000502,relogios_presentes,43,1090,5,8165.0,23,48,33
PROD000503,cama_mesa_banho,44,422,2,29973.0,15,27,38
PROD000504,eletroportateis,34,1234,2,,98,10,18
PROD000505,moveis_decoracao,45,869,1,6032.0,32,6,28
PROD000506,fashion_roupa_masculina,27,1212,4,26570.0,69,25,63
PROD000507,telefonia,43,532,1,8428.0,21,39,43
PROD000508,papelaria,67,809,4,6433.0,22,33,30
PROD000509,cama_mesa_banho,57,893,1,22243.0,15,11,47
PROD000510,ferramentas_jardim,25,811,4,22969.0,72,33,40
PROD000511,construcao_ferramentas,54,1222,1,13970.0,47,41,43
PROD000512,perfumaria,61,638,7,11368.0,59,27,65
PROD000513,automotivo,20,700,4,5167.0,61,37,20
PROD000514,brinquedos,65,1269,6,15716.0,49,12,63
PROD000515,automotivo,55,1817,1,12175.0,17,16,10
PROD000516,fashion_roupa_feminina,31,356,2,17145.0,70,14,60
PROD000517,malas_acessorios,57,1312,5,8073.0,17,19,12
PROD000518,esporte_lazer,30,1363,6,22870.0,43,28,31
PROD000519,perfumaria,31,970,6,10102.0,88,30,75
PROD000520,esporte_lazer,61,998,1,7987.0,69,46,31
PROD000521,telefonia,69,1626,5,514.0,66,43,50
PROD000522,esporte_lazer,58,1831,2,6950.0,55,7,45
PROD000523,moveis_decoracao,26,908,6,25018.0,31,6,29
PROD000524,relogios_presentes,30,776,2,2829.0,96,10,22
PROD000525,moveis_decoracao,55,1942,4,28126.0,49,25,16
PROD000526,brinquedos,50,370,7,28341.0,54,13,55
PROD000527,relogios_presentes,52,1643,5,12029.0,64,14,43
PROD000528,papelaria,32,649,7,15088.0,60,40,14
PROD000529,alimentos,37,1237,3,3997.0,95,7,78
PROD000530,telefonia,60,1462,4,28917.0,14,45,58
PROD000531,moveis_decoracao,43,667,5,29094.0,22,28,33
PROD000532,construcao_ferramentas,28,1085,1,2269.0,37,26,45
PROD000533,cama_mesa_banho,50,458,7,13663.0,93,18,13
PROD000534,automotivo,60,1773,1,18362.0,89,46,67
PROD000535,malas_acessorios,29,1737,2,28646.0,71,49,41
PROD000536,eletroportateis,21,1457,6,22938.0,96,48,18
PROD000537,utilidades_domesticas,57,1812,7,12988.0,33,31,77
PROD000538,moveis_decoracao,34,1292,3,4670.0,16,37,76
PROD000539,livros_tecnicos,22,1462,1,27293.0,47,26,43
PROD000540,informatica_acessorios,62,897,5,1615.0,46,33,44
PROD000541,utilidades_domesticas,50,1384,7,17058.0,77,23,58
PROD000542,beleza_saude,25,986,7,12734.0,51,23,7
PROD000543,construcao_ferramentas,22,1858,6,19351.0,95,10,59
PROD000544,eletroportateis,30,1322,6,13898.0,14,49,37
PROD000545,perfumaria,34,310,5,20028.0,73,23,75
PROD000546,automotivo,64,386,6,4577.0,59,17,23
PROD000547,esporte_lazer,47,1815,1,16555.0,96,30,38
PROD000548,utilidades_domesticas,29,1885,5,27244.0,24,26,54
PROD000549,perfumaria,57,842,5,28113.0,82,25,51
PROD000550,papelaria,66,1595,2,19464.0,62,40,50
PROD000551,papelaria,69,1605,3,25793.0,34,6,60
PROD000552,moveis_decoracao,69,1146,7,21976.0,98,48,61
PROD000553,informatica_acessorios,26,1683,2,27062.0,94,34,55
PROD000554,livros_tecnicos,34,1232,3,28184.0,18,31,58
PROD000555,fashion_roupa_masculina,37,395,5,9651.0,47,11,32
PROD000556,moveis_decoracao,37,105,7,21243.0,31,24,23
PROD000557,papelaria,60,649,6,26191.0,96,35,31
PROD000558,fashion_roupa_feminina,43,780,3,24568.0,58,27,52
PROD000559,brinquedos,21,1991,5,14279.0,77,17,23
PROD000560,automotivo,59,894,5,139.0,24,21,55
PROD000561,livros_tecnicos,39,302,2,26058.0,74,8,11
PROD000562,papelaria,53,424,2,10322.0,63,18,33
PROD000563,brinquedos,62,924,6,27297.0,39,24,47
PROD000564,alimentos,45,1908,4,21857.0,29,17,73
PROD000565,telefonia,26,343,1,29737.0,42,7,62
PROD000566,esporte_lazer,57,426,4,24049.0,95,30,12
PROD000567,esporte_lazer,49,1086,4,16216.0,86,30,46
PROD000568,relogios_presentes,61,1170,7,18384.0,16,22,46
PROD000569,telefonia,24,860,7,18701.0,17,36,17
PROD000570,ferramentas_jardim,30,1714,6,16149.0,37,18,30
PROD000571,moveis_decoracao,20,1745,7,4896.0,54,7,22
PROD000572,fashion_roupa_masculina,53,1136,3,4706.0,82,5,46
PROD000573,papelaria,20,1006,6,17767.0,98,30,55
PROD000574,beleza_saude,38,1503,6,8875.0,89,28,20
PROD000575,moveis_decoracao,21,464,5,29755.0,83,39,7
PROD000576,construcao_ferramentas,40,1725,5,25134.0,20,18,49
PROD000577,automotivo,39,1465,5,14964.0,40,7,26
PROD000578,relogios_presentes,42,1983,1,14293.0,21,17,27
PROD000579,beleza_saude,40,1915,3,14776.0,87,18,63
PROD000580,brinquedos,43,1344,3,10557.0,60,25,66
PROD000581,relogios_presentes,23,172,5,27342.0,53,30,72
PROD000582,eletroportateis,31,1869,4,17299.0,59,7,58
PROD000583,informatica_acessorios,41,1895,1,16144.0,26,44,61
PROD000584,perfumaria,39,1748,4,15166.0,44,8,27
PROD000585,alimentos,37,1169,2,18995.0,10,40,64
PROD000586,ferramentas_jardim,20,1627,3,346.0,38,47,77
PROD000587,malas_acessorios,49,373,3,21309.0,60,5,59
PROD000588,moveis_decoracao,52,1678,4,6616.0,73,44,67
PROD000589,eletroportateis,43,307,1,16900.0,13,37,60
PROD000590,cama_mesa_banho,33,1984,3,13442.0,96,11,59
PROD000591,eletroportateis,55,1738,4,29139.0,37,15,29
PROD000592,esporte_lazer,24,223,6,23186.0,25,31,30
PROD000593,fashion_roupa_masculina,30,1133,6,20201.0,72,18,53
PROD000594,utilidades_domesticas,43,1452,7,16591.0,85,26,67
PROD000595,automotivo,50,1310,1,27307.0,62,20,49
PROD000596,livros_tecnicos,32,642,4,9130.0,94,16,77
PROD000597,utilidades_domesticas,35,1791,7,20997.0,26,14,43
PROD000598,moveis_decoracao,43,159,6,29592.0,49,28,69
PROD000599,alimentos,32,1884,1,1521.0,22,22,73
PROD000600,,43,998,7,13070.0,61,26,60
PROD000601,beleza_saude,45,985,5,7383.0,67,13,13
PROD000602,cama_mesa_banho,21,881,1,28588.0,46,21,74
PROD000603,fashion_roupa_masculina,35,541,2,16045.0,88,42,32
PROD000604,utilidades_domesticas,57,1340,5,355.0,85,44,49
PROD000605,telefonia,65,1010,7,23732.0,70,17,30
PROD000606,livros_tecnicos,20,1125,4,11119.0,88,41,32
PROD000607,esporte_lazer,68,1659,5,15587.0,43,10,44
PROD000608,ferramentas_jardim,30,1841,5,9129.0,79,25,19
PROD000609,automotivo,54,931,7,19446.0,26,40,10
PROD000610,moveis_decoracao,62,1107,4,2382.0,29,11,31
PROD000611,esporte_lazer,48,1834,4,8844.0,82,40,42
PROD000612,cama_mesa_banho,56,1479,6,24856.0,68,29,72
PROD000613,utilidades_domesticas,36,725,2,28928.0,78,15,79
PROD000614,utilidades_domesticas,58,1915,4,17961.0,96,48,68
PROD000615,malas_acessorios,61,1790,3,25246.0,42,18,34
PROD000616,perfumaria,47,1288,3,21436.0,87,49,7
PROD000617,malas_acessorios,48,1097,2,22364.0,26,33,66
PROD000618,relogios_presentes,62,833,1,10019.0,66,14,16
PROD000619,malas_acessorios,22,190,7,13435.0,92,9,34
PROD000620,construcao_ferramentas,29,266,1,22076.0,10,12,42
PROD000621,esporte_lazer,61,1058,3,23575.0,22,9,64
PROD000622,relogios_presentes,33,306,4,691.0,36,28,42
PROD000623,automotivo,31,1405,2,6377.0,79,44,19
PROD000624,moveis_decoracao,66,1188,1,29192.0,68,30,22
PROD000625,beleza_saude,61,615,1,2360.0,15,10,56
PROD000626,beleza_saude,49,1280,7,11239.0,32,20,33
PROD000627,telefonia,51,1884,5,447.0,19,40,64
PROD000628,utilidades_domesticas,51,1892,3,24841.0,60,16,25
PROD000629,,61,846,4,21516.0,28,15,21
PROD000630,telefonia,51,405,2,4543.0,60,7,22
PROD000631,eletroportateis,45,494,1,11188.0,96,48,61
PROD000632,papelaria,20,1197,7,29169.0,77,41,41
PROD000633,telefonia,61,286,5,8874.0,93,10,64
PROD000634,moveis_decoracao,21,1697,3,6969.0,92,23,42
PROD000635,eletroportateis,36,1460,3,28182.0,51,22,16
PROD000636,utilidades_domesticas,49,1799,7,22180.0,66,20,79
PROD000637,esporte_lazer,58,1691,2,29079.0,77,27,77
PROD000638,cama_mesa_banho,26,722,1,19522.0,47,47,5
PROD000639,perfumaria,46,829,2,2945.0,71,41,62
PROD000640,fashion_roupa_feminina,28,339,7,24348.0,16,13,7
PROD000641,moveis_decoracao,41,632,7,27442.0,80,7,67
PROD000642,malas_acessorios,53,240,2,23093.0,59,12,25
PROD000643,utilidades_domesticas,65,1388,6,12486.0,61,42,27
PROD000644,ferramentas_jardim,68,238,5,1365.0,35,8,13
PROD000645,beleza_saude,20,558,3,12545.0,35,16,59
PROD000646,ferramentas_jardim,28,169,6,29325.0,28,48,23
PROD000647,construcao_ferramentas,39,484,4,13038.0,18,35,66
PROD000648,malas_acessorios,38,729,3,11259.0,70,29,43
PROD000649,papelaria,55,297,3,2374.0,29,20,31
PROD000650,construcao_ferramentas,59,304,5,18954.0,59,46,50
PROD000651,malas_acessorios,64,1849,4,10582.0,89,18,38
PROD000652,eletroportateis,23,667,1,19061.0,90,17,37
PROD000653,perfumaria,28,1922,4,20144.0,31,45,54
PROD000654,perfumaria,60,1081,1,1168.0,22,11,24
PROD000655,brinquedos,41,904,4,22075.0,21,16,44
PROD000656,cama_mesa_banho,37,1810,2,14806.0,19,41,62
PROD000657,fashion_roupa_masculina,31,958,7,6074.0,74,8,35
PROD000658,papelaria,61,981,4,11028.0,39,6,42
PROD000659,fashion_roupa_feminina,62,1073,6,21313.0,17,39,49
PROD000660,eletroportateis,58,739,6,2050.0,30,48,45
PROD000661,automotivo,28,1554,5,24767.0,31,7,13
PROD000662,ferramentas_jardim,25,424,7,19577.0,27,8,13
PROD000663,construcao_ferramentas,38,541,7,10511.0,75,42,67
PROD000664,construcao_ferramentas,67,903,1,21795.0,57,16,26
PROD000665,perfumaria,66,387,3,13488.0,53,23,20
PROD000666,construcao_ferramentas,26,325,5,17871.0,18,14,36
PROD000667,fashion_roupa_feminina,35,1187,6,4374.0,76,5,70
PROD000668,informatica_acessorios,24,1066,6,2385.0,63,21,18
PROD000669,alimentos,35,1037,1,19690.0,35,20,42
PROD000670,utilidades_domesticas,20,659,6,19408.0,94,13,12
PROD000671,papelaria,56,813,6,7145.0,35,13,25
PROD000672,automotivo,58,597,1,24955.0,43,13,60
PROD000673,brinquedos,38,948,6,29814.0,17,16,50
PROD000674,construcao_ferramentas,56,1025,3,1718.0,19,45,47
PROD000675,alimentos,36,159,2,11079.0,57,19,50
PROD000676,construcao_ferramentas,45,1520,5,8662.0,64,6,52
PROD000677,cama_mesa_banho,41,356,3,22380.0,63,15,74
PROD000678,informatica_acessorios,27,676,3,27859.0,87,15,35
PROD000679,utilidades_domesticas,52,338,2,12126.0,49,12,37
PROD000680,papelaria,21,1924,7,7943.0,24,36,48
PROD000681,moveis_decoracao,49,137,5,9995.0,90,10,75
PROD000682,construcao_ferramentas,66,124,3,26944.0,27,24,12
PROD000683,fashion_roupa_masculina,39,509,6,23547.0,32,43,77
PROD000684,fashion_roupa_feminina,37,560,2,24979.0,71,39,6
PROD000685,alimentos,62,1694,7,12066.0,55,12,21
PROD000686,beleza_saude,29,1087,5,17832.0,96,47,56
PROD000687,alimentos,43,1540,4,22040.0,48,38,49
PROD000688,livros_tecnicos,23,456,1,5389.0,24,23,41
PROD000689,alimentos,56,482,6,18906.0,62,11,46
PROD000690,fashion_roupa_masculina,23,1932,2,20112.0,97,35,48
PROD000691,malas_acessorios,32,1281,1,18912.0,73,22,42
PROD000692,telefonia,44,668,7,3133.0,72,44,10
PROD000693,cama_mesa_banho,32,1556,7,22641.0,89,18,72
PROD000694,perfumaria,37,1171,4,8960.0,25,43,55
PROD000695,construcao_ferramentas,43,1451,3,25175.0,79,40,39
PROD000696,fashion_roupa_masculina,21,532,3,7913.0,75,21,62
PROD000697,beleza_saude,67,1554,5,17898.0,22,41,61
PROD000698,cama_mesa_banho,52,155,2,13960.0,56,48,77
PROD000699,ferramentas_jardim,38,676,2,23192.0,18,13,10
PROD000700,construcao_ferramentas,28,367,7,25205.0,72,24,17
PROD000701,automotivo,47,168,5,14394.0,43,49,63
PROD000702,beleza_saude,54,1851,1,23119.0,90,32,34
PROD000703,alimentos,58,1001,3,3721.0,38,24,6
PROD000704,telefonia,29,1724,3,28132.0,46,45,62
PROD000705,relogios_presentes,20,1572,7,21799.0,52,40,40
PROD000706,moveis_decoracao,61,892,2,17238.0,95,31,76
PROD000707,utilidades_domesticas,40,356,7,2447.0,73,12,49
PROD000708,esporte_lazer,28,771,2,29586.0,33,36,13
PROD000709,malas_acessorios,66,589,5,14982.0,80,5,69
PROD000710,informatica_acessorios,34,845,4,17210.0,43,21,54
PROD000711,brinquedos,54,1766,1,29502.0,57,13,36
PROD000712,brinquedos,24,148,6,5023.0,21,24,47
PROD000713,livros_tecnicos,60,1782,4,19133.0,32,49,58
PROD000714,papelaria,41,415,4,26722.0,88,36,51
PROD000715,alimentos,60,512,2,15711.0,22,6,18
PROD000716,papelaria,42,533,2,15467.0,96,36,52
PROD000717,cama_mesa_banho,26,1125,2,19299.0,54,49,59
PROD000718,papelaria,42,1964,4,9166.0,74,13,33
PROD000719,moveis_decoracao,63,1268,7,3379.0,56,34,51
PROD000720,papelaria,44,1489,1,19468.0,67,24,67
PROD000721,ferramentas_jardim,46,519,7,26854.0,14,42,23
PROD000722,eletroportateis,60,1696,2,3907.0,86,5,13
PROD000723,moveis_decoracao,25,1908,3,24360.0,14,9,41
PROD000724,alimentos,53,1684,7,22583.0,69,39,56
PROD000725,construcao_ferramentas,28,943,1,,30,40,61
PROD000726,livros_tecnicos,68,1567,3,16223.0,33,5,32
PROD000727,informatica_acessorios,52,1015,1,17091.0,27,18,40
PROD000728,papelaria,25,533,2,22653.0,30,13,68
PROD000729,alimentos,56,742,7,24274.0,63,34,22
PROD000730,automotivo,50,1678,6,22057.0,19,28,39
PROD000731,relogios_presentes,53,156,5,734.0,33,8,72
PROD000732,malas_acessorios,60,1685,2,29981.0,94,18,43
PROD000733,esporte_lazer,48,1063,4,12871.0,98,29,12
PROD000734,automotivo,33,1076,6,27403.0,69,8,19
PROD000735,relogios_presentes,55,1301,4,17558.0,66,29,11
PROD000736,moveis_decoracao,55,1416,1,18398.0,32,14,21
PROD000737,malas_acessorios,34,145,4,14440.0,31,39,68
PROD000738,relogios_presentes,27,1293,6,688.0,77,11,16
PROD000739,cama_mesa_banho,45,1394,6,3331.0,43,46,60
PROD000740,beleza_saude,55,516,2,6451.0,79,17,50
PROD000741,beleza_saude,67,947,3,26980.0,37,8,51
PROD000742,utilidades_domesticas,40,238,2,3938.0,48,47,20
PROD000743,relogios_presentes,47,346,1,2073.0,51,40,73
PROD000744,perfumaria,23,1271,4,14446.0,32,18,6
PROD000745,esporte_lazer,35,329,3,5144.0,79,22,58
PROD000746,fashion_roupa_feminina,41,891,7,10347.0,89,12,31
PROD000747,fashion_roupa_feminina,31,736,5,11772.0,11,36,35
PROD000748,perfumaria,35,1827,6,10371.0,33,31,45
PROD000749,fashion_roupa_masculina,59,473,3,22587.0,26,46,40
PROD000750,cama_mesa_banho,57,1203,7,6783.0,74,41,51
PROD000751,fashion_roupa_masculina,61,1729,3,22321.0,79,27,47
PROD000752,brinquedos,56,837,2,11344.0,78,11,69
PROD000753,alimentos,48,1188,7,29158.0,69,16,54
PROD000754,fashion_roupa_masculina,37,187,5,25927.0,59,29,5
PROD000755,ferramentas_jardim,29,1211,6,6883.0,21,7,76
PROD000756,informatica_acessorios,61,812,1,5694.0,56,30,61
PROD000757,papelaria,58,1849,1,28471.0,76,8,20
PROD000758,perfumaria,37,1327,3,3922.0,74,46,32
PROD000759,malas_acessorios,20,1505,7,28978.0,36,40,26
PROD000760,construcao_ferramentas,58,700,3,3489.0,57,19,45
PROD000761,fashion_roupa_masculina,40,1599,4,6014.0,97,36,23
PROD000762,construcao_ferramentas,20,1696,5,18264.0,71,33,54
PROD000763,utilidades_domesticas,34,1906,6,27280.0,53,14,63
PROD000764,automotivo,23,1729,3,3788.0,28,25,73
PROD000765,moveis_decoracao,39,1942,4,14783.0,68,20,38
PROD000766,ferramentas_jardim,29,638,7,13180.0,17,23,43
PROD000767,malas_acessorios,42,313,5,10016.0,64,33,78
PROD000768,brinquedos,60,173,6,23695.0,56,22,11
PROD000769,telefonia,53,160,1,29777.0,11,48,56
PROD000770,moveis_decoracao,65,797,4,27460.0,48,20,64
PROD000771,livros_tecnicos,67,1666,7,5137.0,54,5,56
PROD000772,livros_tecnicos,52,1342,5,13553.0,41,6,28
PROD000773,alimentos,53,111,4,28395.0,74,19,30
PROD000774,papelaria,58,913,3,22803.0,47,43,14
PROD000775,cama_mesa_banho,29,1538,2,26353.0,86,32,21
PROD000776,informatica_acessorios,39,131,1,8740.0,20,5,6
PROD000777,telefonia,20,1283,3,29363.0,19,9,31
PROD000778,eletroportateis,32,1100,3,181.0,68,46,77
PROD000779,fashion_roupa_feminina,20,336,7,6378.0,99,26,75
PROD000780,livros_tecnicos,24,1862,7,16178.0,64,40,52
PROD000781,utilidades_domesticas,35,1304,5,23483.0,29,17,78
PROD000782,utilidades_domesticas,34,1952,7,15636.0,90,5,13
PROD000783,fashion_roupa_feminina,68,657,4,17890.0,26,20,27
PROD000784,construcao_ferramentas,47,1464,1,7510.0,77,45,75
PROD000785,livros_tecnicos,50,1581,3,16026.0,14,26,77
PROD000786,eletroportateis,42,1203,5,15600.0,69,36,31
PROD000787,esporte_lazer,67,746,1,1580.0,32,20,75
PROD000788,malas_acessorios,64,1895,7,9371.0,55,19,47
PROD000789,fashion_roupa_feminina,62,1086,7,3698.0,61,46,11
PROD000790,malas_acessorios,36,919,4,15132.0,19,16,67
PROD000791,informatica_acessorios,68,1882,7,8093.0,55,5,48
PROD000792,construcao_ferramentas,53,572,3,,37,21,43
PROD000793,relogios_presentes,32,1794,6,20667.0,52,45,44
PROD000794,telefonia,33,1838,3,20164.0,35,32,11
PROD000795,livros_tecnicos,30,211,3,10995.0,64,11,74
PROD000796,esporte_lazer,47,1415,7,15467.0,57,13,29
PROD000797,ferramentas_jardim,61,1945,1,7744.0,38,26,63
PROD000798,livros_tecnicos,51,1754,7,20794.0,36,30,17
PROD000799,utilidades_domesticas,54,482,1,12048.0,27,16,66
PROD000800,construcao_ferramentas,50,116,1,18242.0,69,11,12
PROD000801,construcao_ferramentas,36,592,1,2699.0,83,19,49
PROD000802,fashion_roupa_masculina,66,1454,5,22100.0,78,42,22
PROD000803,brinquedos,28,1025,2,5913.0,83,25,64
PROD000804,moveis_decoracao,29,1862,7,27226.0,30,18,64
PROD000805,automotivo,27,1996,5,3953.0,33,6,6
PROD000806,moveis_decoracao,40,1609,3,,12,12,70
PROD000807,livros_tecnicos,32,1529,5,18776.0,71,49,18
PROD000808,eletroportateis,69,216,4,1601.0,11,10,52
PROD000809,eletroportateis,24,1678,6,29080.0,75,41,60
PROD000810,moveis_decoracao,25,979,1,8522.0,51,41,16
PROD000811,cama_mesa_banho,49,214,7,7650.0,43,37,59
PROD000812,fashion_roupa_masculina,50,1918,4,4350.0,51,45,32
PROD000813,livros_tecnicos,36,1672,7,25874.0,29,10,8
PROD000814,cama_mesa_banho,30,913,6,7091.0,77,30,40
PROD000815,brinquedos,39,1748,4,16598.0,54,43,54
PROD000816,livros_tecnicos,67,1670,7,26089.0,84,45,7
PROD000817,fashion_roupa_feminina,28,743,3,4506.0,51,41,5
PROD000818,telefonia,21,1459,1,25668.0,56,18,21
PROD000819,papelaria,56,435,4,18831.0,14,41,75
PROD000820,malas_acessorios,20,1021,3,1141.0,98,12,66
PROD000821,eletroportateis,23,1863,1,7027.0,58,43,52
PROD000822,,55,246,2,16495.0,46,17,66
PROD000823,perfumaria,44,221,3,24464.0,43,17,73
PROD000824,utilidades_domesticas,22,180,5,7971.0,82,44,23
PROD000825,informatica_acessorios,28,784,7,6475.0,79,47,38
PROD000826,fashion_roupa_masculina,41,1789,1,23582.0,27,32,53
PROD000827,,42,761,4,3776.0,87,22,51
PROD000828,automotivo,31,474,6,22593.0,28,23,54
PROD000829,telefonia,29,1693,4,,87,42,30
PROD000830,moveis_decoracao,53,162,5,21881.0,49,36,60
PROD000831,utilidades_domesticas,62,603,7,3165.0,26,26,18
PROD000832,construcao_ferramentas,29,767,5,2136.0,69,6,29
PROD000833,beleza_saude,49,548,4,3146.0,51,17,8
PROD000834,ferramentas_jardim,41,1551,7,27026.0,90,27,36
PROD000835,telefonia,25,967,6,17024.0,81,29,69
PROD000836,alimentos,69,1550,1,27536.0,74,32,65
PROD000837,alimentos,21,1544,7,176.0,62,15,24
PROD000838,livros_tecnicos,49,1445,3,19551.0,16,37,78
PROD000839,esporte_lazer,21,779,7,15980.0,14,28,14
PROD000840,relogios_presentes,51,1289,5,16507.0,33,6,38
PROD000841,fashion_roupa_masculina,61,1720,5,21618.0,37,34,65
PROD000842,moveis_decoracao,35,1772,5,17159.0,71,21,31
PROD000843,eletroportateis,31,560,6,23152.0,26,44,44
PROD000844,informatica_acessorios,20,558,7,27070.0,29,38,69
PROD000845,eletroportateis,27,1312,7,4367.0,12,42,37
PROD000846,perfumaria,67,563,2,6088.0,46,26,72
PROD000847,esporte_lazer,69,1011,6,28074.0,99,9,75
PROD000848,esporte_lazer,32,478,1,,24,44,13
PROD000849,fashion_roupa_feminina,34,1125,1,24136.0,60,20,20
PROD000850,alimentos,63,1741,1,8780.0,57,17,9
PROD000851,cama_mesa_banho,27,463,1,1585.0,17,30,27
PROD000852,fashion_roupa_masculina,29,171,1,14813.0,22,35,47
PROD000853,eletroportateis,65,1550,4,20143.0,57,43,61
PROD000854,alimentos,24,737,5,27911.0,12,27,55
PROD000855,fashion_roupa_masculina,69,1293,6,2519.0,74,16,17
PROD000856,relogios_presentes,38,1328,4,24224.0,82,18,28
PROD000857,telefonia,66,1948,6,23627.0,40,22,15
PROD000858,relogios_presentes,57,436,2,15412.0,35,31,56
PROD000859,,30,1595,7,3595.0,90,32,21
PROD000860,utilidades_domesticas,62,294,3,17240.0,65,22,41
PROD000861,relogios_presentes,39,1793,5,10816.0,43,20,17
PROD000862,,39,1111,2,12542.0,18,20,66
PROD000863,ferramentas_jardim,40,752,4,24932.0,71,17,12
PROD000864,fashion_roupa_feminina,37,1398,3,18263.0,22,33,60
PROD000865,,69,106,7,13061.0,78,13,74
PROD000866,livros_tecnicos,29,1004,2,10407.0,50,30,48
PROD000867,beleza_saude,53,1078,7,6587.0,86,32,64
PROD000868,construcao_ferramentas,45,665,7,28024.0,10,45,45
PROD000869,eletroportateis,49,715,6,29444.0,98,17,25
PROD000870,eletroportateis,28,1977,3,9764.0,56,40,46
PROD000871,livros_tecnicos,65,1973,6,16460.0,13,13,78
PROD000872,ferramentas_jardim,50,672,7,16742.0,72,18,78
PROD000873,cama_mesa_banho,61,698,2,4175.0,61,16,33
PROD000874,esporte_lazer,23,869,7,24982.0,19,36,69
PROD000875,livros_tecnicos,25,1301,4,24498.0,37,42,21
PROD000876,brinquedos,33,341,7,17602.0,15,7,34
PROD000877,moveis_decoracao,23,1326,6,,36,20,30
PROD000878,malas_acessorios,45,1666,3,,21,24,57
PROD000879,brinquedos,66,1924,2,3117.0,71,36,23
PROD000880,construcao_ferramentas,67,1585,6,20825.0,61,27,57
PROD000881,fashion_roupa_masculina,58,1203,7,27456.0,57,21,21
PROD000882,construcao_ferramentas,36,1646,4,18142.0,76,20,50
PROD000883,ferramentas_jardim,38,1540,5,24862.0,55,42,57
PROD000884,brinquedos,68,865,4,18281.0,83,12,68
PROD000885,perfumaria,25,483,7,25600.0,24,23,49
PROD000886,ferramentas_jardim,48,490,4,884.0,80,34,53
PROD000887,informatica_acessorios,30,995,5,,45,38,23
PROD000888,informatica_acessorios,35,1922,4,5791.0,23,18,75
PROD000889,utilidades_domesticas,49,787,5,15865.0,87,26,69
PROD000890,beleza_saude,44,1249,7,3296.0,12,48,41
PROD000891,alimentos,59,1617,5,,76,21,74
PROD000892,esporte_lazer,30,146,6,8632.0,95,19,30
PROD000893,ferramentas_jardim,26,1841,6,17046.0,28,36,6
PROD000894,cama_mesa_banho,45,1599,5,4846.0,85,17,63
PROD000895,fashion_roupa_feminina,41,718,2,3099.0,63,25,9
PROD000896,utilidades_domesticas,44,563,3,17677.0,78,44,41
PROD000897,esporte_lazer,38,1910,2,11402.0,19,37,35
PROD000898,cama_mesa_banho,50,1972,5,16552.0,42,31,52
PROD000899,ferramentas_jardim,45,222,3,15695.0,22,39,10
PROD000900,cama_mesa_banho,61,1597,6,22163.0,60,20,19
PROD000901,cama_mesa_banho,60,233,3,18912.0,41,32,19
PROD000902,fashion_roupa_masculina,55,1742,5,6300.0,84,38,65
PROD000903,construcao_ferramentas,42,1940,6,5496.0,33,5,20
PROD000904,relogios_presentes,66,940,3,23477.0,44,45,24
PROD000905,informatica_acessorios,32,1685,3,13510.0,92,35,48
PROD000906,brinquedos,44,948,2,13303.0,79,40,46
PROD000907,construcao_ferramentas,21,706,3,3698.0,49,48,50
PROD000908,eletroportateis,21,1903,7,10664.0,63,37,38
PROD000909,papelaria,35,122,5,12848.0,53,37,68
PROD000910,cama_mesa_banho,28,665,1,25519.0,71,43,33
PROD000911,relogios_presentes,47,865,1,17057.0,77,22,7
PROD000912,utilidades_domesticas,32,1064,1,20698.0,42,27,13
PROD000913,moveis_decoracao,54,334,5,7736.0,86,27,79
PROD000914,eletroportateis,60,1095,1,27272.0,65,19,79
PROD000915,fashion_roupa_feminina,32,1182,2,29417.0,45,30,29
PROD000916,brinquedos,50,1287,5,17962.0,63,34,46
PROD000917,malas_acessorios,40,1894,7,10365.0,28,29,50
PROD000918,,51,925,6,9805.0,52,49,77
PROD000919,papelaria,53,315,7,22611.0,21,20,63
PROD000920,livros_tecnicos,27,1306,5,29803.0,20,43,25
PROD000921,ferramentas_jardim,60,1692,5,25644.0,79,49,78
PROD000922,moveis_decoracao,67,756,3,14398.0,21,18,26
PROD000923,cama_mesa_banho,21,1034,3,23160.0,50,21,33
PROD000924,cama_mesa_banho,57,1213,3,18680.0,34,16,67
PROD000925,fashion_roupa_masculina,51,410,4,9803.0,12,33,77
PROD000926,esporte_lazer,59,656,2,13436.0,12,36,65
PROD000927,brinquedos,47,1071,5,8266.0,93,28,68
PROD000928,telefonia,56,356,7,25330.0,37,17,73
PROD000929,automotivo,60,632,5,16216.0,32,24,44
PROD000930,papelaria,20,1656,3,6150.0,57,19,79
PROD000931,telefonia,60,151,5,11284.0,76,8,5
PROD000932,construcao_ferramentas,29,1461,6,21134.0,51,38,69
PROD000933,automotivo,23,1294,5,12812.0,97,32,66
PROD000934,papelaria,54,1190,7,8584.0,49,6,58
PROD000935,perfumaria,29,1748,1,29980.0,15,34,64
PROD000936,brinquedos,66,399,6,27277.0,29,30,50
PROD000937,malas_acessorios,30,771,6,21010.0,20,30,9
PROD000938,fashion_roupa_masculina,33,877,5,20896.0,36,24,26
PROD000939,eletroportateis,57,931,4,29169.0,30,46,57
PROD000940,telefonia,31,331,3,21927.0,22,32,74
PROD000941,cama_mesa_banho,64,1074,2,26264.0,95,24,36
PROD000942,fashion_roupa_feminina,36,1960,2,25271.0,44,15,15
PROD000943,papelaria,35,1191,1,2693.0,56,14,14
PROD000944,ferramentas_jardim,54,1629,2,10415.0,95,27,43
PROD000945,brinquedos,21,127,2,15300.0,37,41,35
PROD000946,informatica_acessorios,30,1751,3,26619.0,30,45,16
PROD000947,telefonia,60,1174,3,9207.0,27,23,42
PROD000948,telefonia,22,1816,4,23336.0,40,49,71
PROD000949,fashion_roupa_feminina,48,1383,7,23113.0,69,22,70
PROD000950,fashion_roupa_masculina,37,690,1,3969.0,46,31,56
PROD000951,beleza_saude,39,884,2,15547.0,30,10,9
PROD000952,papelaria,66,719,4,27470.0,23,14,15
PROD000953,brinquedos,33,685,1,27754.0,98,6,29
PROD000954,telefonia,53,1810,6,8071.0,69,28,39
PROD000955,moveis_decoracao,68,1101,2,25651.0,32,42,39
PROD000956,utilidades_domesticas,50,283,2,25751.0,38,32,26
PROD000957,automotivo,59,1146,3,24306.0,56,32,41
PROD000958,construcao_ferramentas,61,1909,5,3089.0,39,49,59
PROD000959,livros_tecnicos,37,228,1,23546.0,99,43,79
PROD000960,papelaria,49,390,2,28143.0,93,6,76
PROD000961,esporte_lazer,44,1955,1,5440.0,47,9,68
PROD000962,eletroportateis,38,600,7,9743.0,92,15,24
PROD000963,relogios_presentes,27,285,4,3923.0,36,14,8
PROD000964,livros_tecnicos,47,578,4,13554.0,98,47,22
PROD000965,ferramentas_jardim,27,1694,5,4032.0,96,6,55
PROD000966,eletroportateis,50,591,2,10320.0,24,19,72
PROD000967,esporte_lazer,22,612,7,8654.0,68,43,24
PROD000968,automotivo,22,1766,3,2529.0,12,45,13
PROD000969,fashion_roupa_feminina,63,1190,2,28308.0,19,41,30
PROD000970,esporte_lazer,41,1928,1,7544.0,88,11,29
PROD000971,beleza_saude,36,566,6,10610.0,89,24,72
PROD000972,brinquedos,55,384,4,11377.0,26,38,45
PROD000973,esporte_lazer,36,700,1,10637.0,92,39,63
PROD000974,eletroportateis,33,1540,5,7247.0,20,38,49
PROD000975,ferramentas_jardim,28,1223,4,7731.0,57,26,45
PROD000976,utilidades_domesticas,49,288,3,,14,35,42
PROD000977,beleza_saude,40,1088,4,4429.0,78,27,23
PROD000978,fashion_roupa_feminina,31,989,6,6818.0,73,23,18
PROD000979,relogios_presentes,56,1981,7,10023.0,23,8,25
PROD000980,eletroportateis,51,487,2,24702.0,59,28,19
PROD000981,ferramentas_jardim,30,340,6,13882.0,35,24,7
PROD000982,perfumaria,39,1905,7,16576.0,81,43,41
PROD000983,telefonia,54,1854,6,27340.0,78,32,50
PROD000984,beleza_saude,66,516,2,24984.0,16,43,20
PROD000985,livros_tecnicos,65,275,4,151.0,25,21,18
PROD000986,malas_acessorios,30,486,5,16802.0,64,23,13
PROD000987,beleza_saude,27,1594,2,10284.0,87,39,11
PROD000988,ferramentas_jardim,23,952,2,,65,36,18
PROD000989,utilidades_domesticas,46,1356,7,22172.0,13,43,10
PROD000990,alimentos,63,762,3,15579.0,57,39,19
PROD000991,ferramentas_jardim,59,551,4,28567.0,26,34,56
PROD000992,brinquedos,57,376,2,23502.0,45,21,76
PROD000993,esporte_lazer,66,1352,5,7310.0,79,46,38
PROD000994,automotivo,49,1294,1,13034.0,89,33,5
PROD000995,moveis_decoracao,63,1858,4,4056.0,47,10,73
PROD000996,construcao_ferramentas,67,312,3,6157.0,71,21,24
PROD000997,cama_mesa_banho,67,1405,6,27368.0,57,21,11
PROD000998,fashion_roupa_feminina,46,140,2,11310.0,19,18,11
PROD000999,malas_acessorios,40,1245,5,14690.0,45,28,54
PROD001000,construcao_ferramentas,39,1350,4,26700.0,38,41,6
